Index,Tickets Key,Resolution Date
0,ZOOKEEPER-1,2008-6
1,ZOOKEEPER-53,2008-6
2,ZOOKEEPER-55,2008-6
3,ZOOKEEPER-41,2008-7
4,ZOOKEEPER-68,2008-7
5,ZOOKEEPER-45,2008-7
6,ZOOKEEPER-75,2008-7
7,ZOOKEEPER-76,2008-7
8,ZOOKEEPER-81,2008-7
9,ZOOKEEPER-70,2008-7
10,ZOOKEEPER-72,2008-7
11,ZOOKEEPER-11,2008-7
12,ZOOKEEPER-15,2008-7
13,ZOOKEEPER-85,2008-7
14,ZOOKEEPER-90,2008-7
15,ZOOKEEPER-89,2008-7
16,ZOOKEEPER-39,2008-7
17,ZOOKEEPER-97,2008-7
18,ZOOKEEPER-58,2008-7
19,ZOOKEEPER-105,2008-7
20,ZOOKEEPER-48,2008-7
21,ZOOKEEPER-42,2008-7
22,ZOOKEEPER-44,2008-8
23,ZOOKEEPER-49,2008-8
24,ZOOKEEPER-109,2008-8
25,ZOOKEEPER-101,2008-8
26,ZOOKEEPER-108,2008-8
27,ZOOKEEPER-25,2008-8
28,ZOOKEEPER-56,2008-8
29,ZOOKEEPER-82,2008-8
30,ZOOKEEPER-110,2008-8
31,ZOOKEEPER-111,2008-8
32,ZOOKEEPER-122,2008-8
33,ZOOKEEPER-123,2008-8
34,ZOOKEEPER-2,2008-8
35,ZOOKEEPER-54,2008-8
36,ZOOKEEPER-61,2008-8
37,ZOOKEEPER-125,2008-8
38,ZOOKEEPER-20,2008-8
39,ZOOKEEPER-71,2008-8
40,ZOOKEEPER-63,2008-8
41,ZOOKEEPER-134,2008-9
42,ZOOKEEPER-133,2008-9
43,ZOOKEEPER-128,2008-9
44,ZOOKEEPER-112,2008-9
45,ZOOKEEPER-132,2008-9
46,ZOOKEEPER-118,2008-9
47,ZOOKEEPER-4,2008-9
48,ZOOKEEPER-130,2008-9
49,ZOOKEEPER-131,2008-9
50,ZOOKEEPER-137,2008-9
51,ZOOKEEPER-117,2008-9
52,ZOOKEEPER-93,2008-9
53,ZOOKEEPER-142,2008-9
54,ZOOKEEPER-139,2008-9
55,ZOOKEEPER-18,2008-9
56,ZOOKEEPER-79,2008-9
57,ZOOKEEPER-21,2008-9
58,ZOOKEEPER-7,2008-9
59,ZOOKEEPER-6,2008-9
60,ZOOKEEPER-144,2008-10
61,ZOOKEEPER-114,2008-10
62,ZOOKEEPER-38,2008-10
63,ZOOKEEPER-127,2008-10
64,ZOOKEEPER-140,2008-10
65,ZOOKEEPER-150,2008-10
66,ZOOKEEPER-32,2008-10
67,ZOOKEEPER-27,2008-10
68,ZOOKEEPER-147,2008-10
69,ZOOKEEPER-136,2008-10
70,ZOOKEEPER-155,2008-10
71,ZOOKEEPER-154,2008-10
72,ZOOKEEPER-156,2008-10
73,ZOOKEEPER-157,2008-10
74,ZOOKEEPER-8,2008-10
75,ZOOKEEPER-159,2008-10
76,ZOOKEEPER-179,2008-10
77,ZOOKEEPER-180,2008-10
78,ZOOKEEPER-181,2008-10
79,ZOOKEEPER-73,2008-10
80,ZOOKEEPER-17,2008-10
81,ZOOKEEPER-178,2008-10
82,ZOOKEEPER-115,2008-10
83,ZOOKEEPER-185,2008-10
84,ZOOKEEPER-33,2008-10
85,ZOOKEEPER-182,2008-10
86,ZOOKEEPER-183,2008-10
87,ZOOKEEPER-184,2008-10
88,ZOOKEEPER-188,2008-10
89,ZOOKEEPER-189,2008-10
90,ZOOKEEPER-190,2008-10
91,ZOOKEEPER-186,2008-10
92,ZOOKEEPER-187,2008-10
93,ZOOKEEPER-193,2008-10
94,ZOOKEEPER-151,2008-10
95,ZOOKEEPER-194,2008-10
96,ZOOKEEPER-5,2008-10
97,ZOOKEEPER-198,2008-10
98,ZOOKEEPER-197,2008-10
99,ZOOKEEPER-199,2008-10
100,ZOOKEEPER-200,2008-10
101,ZOOKEEPER-201,2008-10
102,ZOOKEEPER-43,2008-10
103,ZOOKEEPER-191,2008-10
104,ZOOKEEPER-23,2008-10
105,ZOOKEEPER-138,2008-10
106,ZOOKEEPER-145,2008-10
107,ZOOKEEPER-203,2008-10
108,ZOOKEEPER-202,2008-10
109,ZOOKEEPER-223,2008-11
110,ZOOKEEPER-212,2008-11
111,ZOOKEEPER-213,2008-11
112,ZOOKEEPER-219,2008-11
113,ZOOKEEPER-217,2008-11
114,ZOOKEEPER-209,2008-11
115,ZOOKEEPER-228,2008-11
116,ZOOKEEPER-218,2008-11
117,ZOOKEEPER-206,2008-11
118,ZOOKEEPER-226,2008-11
119,ZOOKEEPER-211,2008-11
120,ZOOKEEPER-204,2008-11
121,ZOOKEEPER-221,2008-11
122,ZOOKEEPER-208,2008-11
123,ZOOKEEPER-227,2008-11
124,ZOOKEEPER-232,2008-11
125,ZOOKEEPER-64,2008-12
126,ZOOKEEPER-242,2008-12
127,ZOOKEEPER-249,2008-12
128,ZOOKEEPER-248,2008-12
129,ZOOKEEPER-241,2008-12
130,ZOOKEEPER-243,2008-12
131,ZOOKEEPER-161,2008-12
132,ZOOKEEPER-245,2008-12
133,ZOOKEEPER-247,2008-12
134,ZOOKEEPER-251,2008-12
135,ZOOKEEPER-250,2008-12
136,ZOOKEEPER-230,2008-12
137,ZOOKEEPER-225,2008-12
138,ZOOKEEPER-222,2008-12
139,ZOOKEEPER-255,2008-12
140,ZOOKEEPER-246,2008-12
141,ZOOKEEPER-256,2008-12
142,ZOOKEEPER-214,2008-12
143,ZOOKEEPER-265,2009-1
144,ZOOKEEPER-266,2009-1
145,ZOOKEEPER-258,2009-1
146,ZOOKEEPER-135,2009-1
147,ZOOKEEPER-240,2009-1
148,ZOOKEEPER-234,2009-1
149,ZOOKEEPER-259,2009-1
150,ZOOKEEPER-210,2009-1
151,ZOOKEEPER-254,2009-1
152,ZOOKEEPER-273,2009-1
153,ZOOKEEPER-268,2009-1
154,ZOOKEEPER-263,2009-1
155,ZOOKEEPER-267,2009-1
156,ZOOKEEPER-177,2009-1
157,ZOOKEEPER-253,2009-1
158,ZOOKEEPER-275,2009-1
159,ZOOKEEPER-272,2009-1
160,ZOOKEEPER-269,2009-1
161,ZOOKEEPER-276,2009-1
162,ZOOKEEPER-260,2009-1
163,ZOOKEEPER-215,2009-1
164,ZOOKEEPER-252,2009-1
165,ZOOKEEPER-229,2009-1
166,ZOOKEEPER-16,2009-1
167,ZOOKEEPER-286,2009-2
168,ZOOKEEPER-285,2009-2
169,ZOOKEEPER-284,2009-2
170,ZOOKEEPER-220,2009-2
171,ZOOKEEPER-69,2009-2
172,ZOOKEEPER-231,2009-2
173,ZOOKEEPER-289,2009-2
174,ZOOKEEPER-291,2009-2
175,ZOOKEEPER-293,2009-2
176,ZOOKEEPER-302,2009-2
177,ZOOKEEPER-303,2009-2
178,ZOOKEEPER-299,2009-2
179,ZOOKEEPER-308,2009-2
180,ZOOKEEPER-326,2009-2
181,ZOOKEEPER-330,2009-2
182,ZOOKEEPER-319,2009-2
183,ZOOKEEPER-320,2009-2
184,ZOOKEEPER-334,2009-3
185,ZOOKEEPER-279,2009-3
186,ZOOKEEPER-281,2009-3
187,ZOOKEEPER-318,2009-3
188,ZOOKEEPER-333,2009-3
189,ZOOKEEPER-309,2009-3
190,ZOOKEEPER-341,2009-3
191,ZOOKEEPER-351,2009-3
192,ZOOKEEPER-350,2009-3
193,ZOOKEEPER-352,2009-3
194,ZOOKEEPER-353,2009-3
195,ZOOKEEPER-354,2009-3
196,ZOOKEEPER-349,2009-3
197,ZOOKEEPER-288,2009-4
198,ZOOKEEPER-305,2009-4
199,ZOOKEEPER-60,2009-4
200,ZOOKEEPER-360,2009-4
201,ZOOKEEPER-362,2009-4
202,ZOOKEEPER-343,2009-4
203,ZOOKEEPER-342,2009-4
204,ZOOKEEPER-363,2009-4
205,ZOOKEEPER-301,2009-4
206,ZOOKEEPER-325,2009-4
207,ZOOKEEPER-370,2009-4
208,ZOOKEEPER-347,2009-4
209,ZOOKEEPER-355,2009-4
210,ZOOKEEPER-348,2009-4
211,ZOOKEEPER-361,2009-4
212,ZOOKEEPER-374,2009-4
213,ZOOKEEPER-337,2009-4
214,ZOOKEEPER-367,2009-4
215,ZOOKEEPER-346,2009-4
216,ZOOKEEPER-373,2009-4
217,ZOOKEEPER-340,2009-4
218,ZOOKEEPER-377,2009-4
219,ZOOKEEPER-371,2009-4
220,ZOOKEEPER-78,2009-4
221,ZOOKEEPER-381,2009-4
222,ZOOKEEPER-29,2009-4
223,ZOOKEEPER-378,2009-4
224,ZOOKEEPER-382,2009-4
225,ZOOKEEPER-365,2009-4
226,ZOOKEEPER-384,2009-5
227,ZOOKEEPER-380,2009-5
228,ZOOKEEPER-392,2009-5
229,ZOOKEEPER-389,2009-5
230,ZOOKEEPER-386,2009-5
231,ZOOKEEPER-376,2009-5
232,ZOOKEEPER-36,2009-5
233,ZOOKEEPER-391,2009-5
234,ZOOKEEPER-395,2009-5
235,ZOOKEEPER-400,2009-5
236,ZOOKEEPER-300,2009-5
237,ZOOKEEPER-94,2009-5
238,ZOOKEEPER-148,2009-5
239,ZOOKEEPER-404,2009-5
240,ZOOKEEPER-405,2009-5
241,ZOOKEEPER-345,2009-5
242,ZOOKEEPER-292,2009-5
243,ZOOKEEPER-410,2009-5
244,ZOOKEEPER-403,2009-5
245,ZOOKEEPER-407,2009-5
246,ZOOKEEPER-411,2009-5
247,ZOOKEEPER-402,2009-5
248,ZOOKEEPER-415,2009-5
249,ZOOKEEPER-385,2009-5
250,ZOOKEEPER-192,2009-5
251,ZOOKEEPER-409,2009-5
252,ZOOKEEPER-416,2009-5
253,ZOOKEEPER-383,2009-5
254,ZOOKEEPER-419,2009-5
255,ZOOKEEPER-421,2009-6
256,ZOOKEEPER-358,2009-6
257,ZOOKEEPER-431,2009-6
258,ZOOKEEPER-396,2009-6
259,ZOOKEEPER-196,2009-6
260,ZOOKEEPER-336,2009-6
261,ZOOKEEPER-434,2009-6
262,ZOOKEEPER-435,2009-6
263,ZOOKEEPER-441,2009-6
264,ZOOKEEPER-375,2009-6
265,ZOOKEEPER-437,2009-6
266,ZOOKEEPER-443,2009-6
267,ZOOKEEPER-432,2009-6
268,ZOOKEEPER-428,2009-6
269,ZOOKEEPER-444,2009-6
270,ZOOKEEPER-433,2009-6
271,ZOOKEEPER-408,2009-6
272,ZOOKEEPER-406,2009-6
273,ZOOKEEPER-427,2009-6
274,ZOOKEEPER-422,2009-6
275,ZOOKEEPER-446,2009-6
276,ZOOKEEPER-315,2009-6
277,ZOOKEEPER-329,2009-6
278,ZOOKEEPER-356,2009-6
279,ZOOKEEPER-314,2009-6
280,ZOOKEEPER-237,2009-6
281,ZOOKEEPER-327,2009-6
282,ZOOKEEPER-438,2009-6
283,ZOOKEEPER-264,2009-6
284,ZOOKEEPER-448,2009-6
285,ZOOKEEPER-417,2009-6
286,ZOOKEEPER-449,2009-6
287,ZOOKEEPER-440,2009-6
288,ZOOKEEPER-452,2009-6
289,ZOOKEEPER-450,2009-6
290,ZOOKEEPER-453,2009-6
291,ZOOKEEPER-454,2009-6
292,ZOOKEEPER-455,2009-7
293,ZOOKEEPER-468,2009-7
294,ZOOKEEPER-473,2009-7
295,ZOOKEEPER-469,2009-7
296,ZOOKEEPER-471,2009-7
297,ZOOKEEPER-470,2009-7
298,ZOOKEEPER-488,2009-7
299,ZOOKEEPER-467,2009-7
300,ZOOKEEPER-482,2009-7
301,ZOOKEEPER-487,2009-7
302,ZOOKEEPER-457,2009-7
303,ZOOKEEPER-481,2009-8
304,ZOOKEEPER-460,2009-8
305,ZOOKEEPER-479,2009-8
306,ZOOKEEPER-466,2009-8
307,ZOOKEEPER-480,2009-8
308,ZOOKEEPER-491,2009-8
309,ZOOKEEPER-475,2009-8
310,ZOOKEEPER-447,2009-8
311,ZOOKEEPER-493,2009-8
312,ZOOKEEPER-311,2009-8
313,ZOOKEEPER-484,2009-8
314,ZOOKEEPER-490,2009-8
315,ZOOKEEPER-501,2009-8
316,ZOOKEEPER-499,2009-8
317,ZOOKEEPER-477,2009-8
318,ZOOKEEPER-498,2009-8
319,ZOOKEEPER-508,2009-8
320,ZOOKEEPER-509,2009-8
321,ZOOKEEPER-483,2009-8
322,ZOOKEEPER-238,2009-8
323,ZOOKEEPER-518,2009-8
324,ZOOKEEPER-516,2009-9
325,ZOOKEEPER-529,2009-9
326,ZOOKEEPER-533,2009-9
327,ZOOKEEPER-535,2009-9
328,ZOOKEEPER-420,2009-10
329,ZOOKEEPER-538,2009-10
330,ZOOKEEPER-539,2009-10
331,ZOOKEEPER-542,2009-10
332,ZOOKEEPER-540,2009-10
333,ZOOKEEPER-541,2009-10
334,ZOOKEEPER-510,2009-10
335,ZOOKEEPER-554,2009-10
336,ZOOKEEPER-530,2009-10
337,ZOOKEEPER-512,2009-10
338,ZOOKEEPER-563,2009-10
339,ZOOKEEPER-562,2009-10
340,ZOOKEEPER-549,2009-10
341,ZOOKEEPER-555,2009-10
342,ZOOKEEPER-537,2009-11
343,ZOOKEEPER-558,2009-11
344,ZOOKEEPER-565,2009-11
345,ZOOKEEPER-564,2009-11
346,ZOOKEEPER-560,2009-11
347,ZOOKEEPER-568,2009-11
348,ZOOKEEPER-551,2009-11
349,ZOOKEEPER-570,2009-11
350,ZOOKEEPER-141,2009-11
351,ZOOKEEPER-566,2009-11
352,ZOOKEEPER-567,2009-11
353,ZOOKEEPER-550,2009-11
354,ZOOKEEPER-472,2009-11
355,ZOOKEEPER-158,2009-11
356,ZOOKEEPER-547,2009-11
357,ZOOKEEPER-532,2009-11
358,ZOOKEEPER-519,2009-11
359,ZOOKEEPER-3,2009-11
360,ZOOKEEPER-368,2009-11
361,ZOOKEEPER-585,2009-11
362,ZOOKEEPER-576,2009-11
363,ZOOKEEPER-582,2009-11
364,ZOOKEEPER-425,2009-11
365,ZOOKEEPER-598,2009-11
366,ZOOKEEPER-597,2009-12
367,ZOOKEEPER-611,2009-12
368,ZOOKEEPER-615,2009-12
369,ZOOKEEPER-588,2009-12
370,ZOOKEEPER-587,2009-12
371,ZOOKEEPER-610,2009-12
372,ZOOKEEPER-614,2009-12
373,ZOOKEEPER-621,2009-12
374,ZOOKEEPER-599,2009-12
375,ZOOKEEPER-506,2009-12
376,ZOOKEEPER-609,2009-12
377,ZOOKEEPER-630,2009-12
378,ZOOKEEPER-627,2009-12
379,ZOOKEEPER-534,2009-12
380,ZOOKEEPER-606,2009-12
381,ZOOKEEPER-600,2009-12
382,ZOOKEEPER-596,2009-12
383,ZOOKEEPER-629,2009-12
384,ZOOKEEPER-633,2010-1
385,ZOOKEEPER-544,2010-1
386,ZOOKEEPER-426,2010-1
387,ZOOKEEPER-637,2010-1
388,ZOOKEEPER-623,2010-1
389,ZOOKEEPER-496,2010-1
390,ZOOKEEPER-50,2010-1
391,ZOOKEEPER-62,2010-1
392,ZOOKEEPER-86,2010-1
393,ZOOKEEPER-638,2010-1
394,ZOOKEEPER-644,2010-1
395,ZOOKEEPER-620,2010-1
396,ZOOKEEPER-651,2010-1
397,ZOOKEEPER-573,2010-1
398,ZOOKEEPER-608,2010-1
399,ZOOKEEPER-647,2010-1
400,ZOOKEEPER-632,2010-1
401,ZOOKEEPER-648,2010-1
402,ZOOKEEPER-626,2010-1
403,ZOOKEEPER-574,2010-1
404,ZOOKEEPER-655,2010-1
405,ZOOKEEPER-656,2010-1
406,ZOOKEEPER-152,2010-1
407,ZOOKEEPER-572,2010-1
408,ZOOKEEPER-612,2010-1
409,ZOOKEEPER-456,2010-1
410,ZOOKEEPER-593,2010-1
411,ZOOKEEPER-413,2010-1
412,ZOOKEEPER-495,2010-1
413,ZOOKEEPER-505,2010-1
414,ZOOKEEPER-504,2010-1
415,ZOOKEEPER-503,2010-1
416,ZOOKEEPER-502,2010-1
417,ZOOKEEPER-461,2010-1
418,ZOOKEEPER-507,2010-1
419,ZOOKEEPER-592,2010-2
420,ZOOKEEPER-589,2010-2
421,ZOOKEEPER-673,2010-2
422,ZOOKEEPER-672,2010-2
423,ZOOKEEPER-668,2010-2
424,ZOOKEEPER-665,2010-2
425,ZOOKEEPER-664,2010-2
426,ZOOKEEPER-607,2010-2
427,ZOOKEEPER-524,2010-2
428,ZOOKEEPER-569,2010-2
429,ZOOKEEPER-669,2010-2
430,ZOOKEEPER-485,2010-2
431,ZOOKEEPER-239,2010-3
432,ZOOKEEPER-658,2010-3
433,ZOOKEEPER-683,2010-3
434,ZOOKEEPER-682,2010-3
435,ZOOKEEPER-640,2010-3
436,ZOOKEEPER-687,2010-3
437,ZOOKEEPER-681,2010-3
438,ZOOKEEPER-579,2010-3
439,ZOOKEEPER-688,2010-3
440,ZOOKEEPER-622,2010-3
441,ZOOKEEPER-678,2010-3
442,ZOOKEEPER-663,2010-3
443,ZOOKEEPER-689,2010-3
444,ZOOKEEPER-59,2010-3
445,ZOOKEEPER-543,2010-3
446,ZOOKEEPER-635,2010-3
447,ZOOKEEPER-691,2010-3
448,ZOOKEEPER-684,2010-3
449,ZOOKEEPER-677,2010-3
450,ZOOKEEPER-692,2010-3
451,ZOOKEEPER-693,2010-3
452,ZOOKEEPER-696,2010-3
453,ZOOKEEPER-511,2010-3
454,ZOOKEEPER-601,2010-3
455,ZOOKEEPER-617,2010-3
456,ZOOKEEPER-595,2010-3
457,ZOOKEEPER-667,2010-3
458,ZOOKEEPER-604,2010-3
459,ZOOKEEPER-698,2010-3
460,ZOOKEEPER-486,2010-3
461,ZOOKEEPER-121,2010-3
462,ZOOKEEPER-586,2010-3
463,ZOOKEEPER-624,2010-3
464,ZOOKEEPER-591,2010-3
465,ZOOKEEPER-709,2010-3
466,ZOOKEEPER-708,2010-3
467,ZOOKEEPER-436,2010-3
468,ZOOKEEPER-710,2010-3
469,ZOOKEEPER-718,2010-3
470,ZOOKEEPER-717,2010-3
471,ZOOKEEPER-224,2010-3
472,ZOOKEEPER-724,2010-3
473,ZOOKEEPER-735,2010-4
474,ZOOKEEPER-720,2010-4
475,ZOOKEEPER-722,2010-4
476,ZOOKEEPER-729,2010-4
477,ZOOKEEPER-741,2010-4
478,ZOOKEEPER-631,2010-4
479,ZOOKEEPER-742,2010-4
480,ZOOKEEPER-746,2010-4
481,ZOOKEEPER-738,2010-4
482,ZOOKEEPER-734,2010-4
483,ZOOKEEPER-754,2010-4
484,ZOOKEEPER-749,2010-4
485,ZOOKEEPER-750,2010-4
486,ZOOKEEPER-758,2010-5
487,ZOOKEEPER-747,2010-5
488,ZOOKEEPER-737,2010-5
489,ZOOKEEPER-763,2010-5
490,ZOOKEEPER-764,2010-5
491,ZOOKEEPER-766,2010-5
492,ZOOKEEPER-464,2010-5
493,ZOOKEEPER-774,2010-5
494,ZOOKEEPER-636,2010-5
495,ZOOKEEPER-769,2010-5
496,ZOOKEEPER-773,2010-6
497,ZOOKEEPER-788,2010-6
498,ZOOKEEPER-744,2010-7
499,ZOOKEEPER-789,2010-7
500,ZOOKEEPER-798,2010-7
501,ZOOKEEPER-797,2010-7
502,ZOOKEEPER-796,2010-7
503,ZOOKEEPER-719,2010-7
504,ZOOKEEPER-799,2010-7
505,ZOOKEEPER-821,2010-7
506,ZOOKEEPER-814,2010-7
507,ZOOKEEPER-783,2010-7
508,ZOOKEEPER-765,2010-7
509,ZOOKEEPER-790,2010-7
510,ZOOKEEPER-772,2010-8
511,ZOOKEEPER-809,2010-8
512,ZOOKEEPER-795,2010-8
513,ZOOKEEPER-808,2010-8
514,ZOOKEEPER-733,2010-8
515,ZOOKEEPER-701,2010-8
516,ZOOKEEPER-775,2010-8
517,ZOOKEEPER-792,2010-8
518,ZOOKEEPER-854,2010-8
519,ZOOKEEPER-853,2010-8
520,ZOOKEEPER-861,2010-9
521,ZOOKEEPER-785,2010-9
522,ZOOKEEPER-867,2010-9
523,ZOOKEEPER-870,2010-9
524,ZOOKEEPER-787,2010-9
525,ZOOKEEPER-831,2010-9
526,ZOOKEEPER-846,2010-9
527,ZOOKEEPER-844,2010-10
528,ZOOKEEPER-822,2010-10
529,ZOOKEEPER-889,2010-10
530,ZOOKEEPER-864,2010-10
531,ZOOKEEPER-886,2010-10
532,ZOOKEEPER-881,2010-10
533,ZOOKEEPER-855,2010-10
534,ZOOKEEPER-888,2010-10
535,ZOOKEEPER-893,2010-10
536,ZOOKEEPER-804,2010-10
537,ZOOKEEPER-820,2010-10
538,ZOOKEEPER-794,2010-10
539,ZOOKEEPER-800,2010-10
540,ZOOKEEPER-904,2010-10
541,ZOOKEEPER-897,2010-10
542,ZOOKEEPER-898,2010-10
543,ZOOKEEPER-907,2010-11
544,ZOOKEEPER-884,2010-11
545,ZOOKEEPER-862,2010-11
546,ZOOKEEPER-916,2010-11
547,ZOOKEEPER-926,2010-11
548,ZOOKEEPER-909,2010-11
549,ZOOKEEPER-908,2010-11
550,ZOOKEEPER-930,2010-11
551,ZOOKEEPER-895,2010-11
552,ZOOKEEPER-942,2010-11
553,ZOOKEEPER-948,2010-11
554,ZOOKEEPER-943,2010-11
555,ZOOKEEPER-944,2010-11
556,ZOOKEEPER-945,2010-11
557,ZOOKEEPER-949,2010-11
558,ZOOKEEPER-836,2010-11
559,ZOOKEEPER-937,2010-12
560,ZOOKEEPER-905,2010-12
561,ZOOKEEPER-957,2010-12
562,ZOOKEEPER-958,2010-12
563,ZOOKEEPER-882,2010-12
564,ZOOKEEPER-921,2010-12
565,ZOOKEEPER-963,2010-12
566,ZOOKEEPER-500,2011-1
567,ZOOKEEPER-962,2011-1
568,ZOOKEEPER-913,2011-1
569,ZOOKEEPER-947,2011-2
570,ZOOKEEPER-953,2011-2
571,ZOOKEEPER-941,2011-2
572,ZOOKEEPER-950,2011-2
573,ZOOKEEPER-902,2011-2
574,ZOOKEEPER-977,2011-2
575,ZOOKEEPER-980,2011-2
576,ZOOKEEPER-465,2011-2
577,ZOOKEEPER-985,2011-2
578,ZOOKEEPER-712,2011-2
579,ZOOKEEPER-983,2011-2
580,ZOOKEEPER-976,2011-2
581,ZOOKEEPER-994,2011-2
582,ZOOKEEPER-946,2011-3
583,ZOOKEEPER-1013,2011-3
584,ZOOKEEPER-1007,2011-3
585,ZOOKEEPER-993,2011-3
586,ZOOKEEPER-1012,2011-3
587,ZOOKEEPER-880,2011-3
588,ZOOKEEPER-1020,2011-3
589,ZOOKEEPER-1042,2011-4
590,ZOOKEEPER-1018,2011-4
591,ZOOKEEPER-1038,2011-4
592,ZOOKEEPER-1028,2011-4
593,ZOOKEEPER-1030,2011-4
594,ZOOKEEPER-874,2011-4
595,ZOOKEEPER-1039,2011-4
596,ZOOKEEPER-1040,2011-4
597,ZOOKEEPER-975,2011-4
598,ZOOKEEPER-966,2011-5
599,ZOOKEEPER-967,2011-5
600,ZOOKEEPER-1052,2011-5
601,ZOOKEEPER-1049,2011-5
602,ZOOKEEPER-1033,2011-5
603,ZOOKEEPER-793,2011-5
604,ZOOKEEPER-1061,2011-5
605,ZOOKEEPER-1059,2011-5
606,ZOOKEEPER-784,2011-5
607,ZOOKEEPER-1058,2011-5
608,ZOOKEEPER-1083,2011-6
609,ZOOKEEPER-335,2011-6
610,ZOOKEEPER-1081,2011-6
611,ZOOKEEPER-1082,2011-6
612,ZOOKEEPER-1060,2011-6
613,ZOOKEEPER-1094,2011-6
614,ZOOKEEPER-1087,2011-6
615,ZOOKEEPER-1068,2011-6
616,ZOOKEEPER-1103,2011-6
617,ZOOKEEPER-1097,2011-6
618,ZOOKEEPER-1074,2011-6
619,ZOOKEEPER-965,2011-6
620,ZOOKEEPER-1073,2011-7
621,ZOOKEEPER-1095,2011-7
622,ZOOKEEPER-1046,2011-7
623,ZOOKEEPER-782,2011-7
624,ZOOKEEPER-1063,2011-7
625,ZOOKEEPER-1124,2011-7
626,ZOOKEEPER-1069,2011-7
627,ZOOKEEPER-992,2011-7
628,ZOOKEEPER-1111,2011-7
629,ZOOKEEPER-1027,2011-7
630,ZOOKEEPER-1109,2011-7
631,ZOOKEEPER-1134,2011-7
632,ZOOKEEPER-1119,2011-7
633,ZOOKEEPER-1006,2011-7
634,ZOOKEEPER-1128,2011-7
635,ZOOKEEPER-1090,2011-7
636,ZOOKEEPER-1138,2011-7
637,ZOOKEEPER-1139,2011-7
638,ZOOKEEPER-1076,2011-7
639,ZOOKEEPER-1101,2011-8
640,ZOOKEEPER-1142,2011-8
641,ZOOKEEPER-1144,2011-8
642,ZOOKEEPER-839,2011-8
643,ZOOKEEPER-1146,2011-8
644,ZOOKEEPER-1150,2011-8
645,ZOOKEEPER-1055,2011-8
646,ZOOKEEPER-1141,2011-8
647,ZOOKEEPER-1143,2011-8
648,ZOOKEEPER-1104,2011-8
649,ZOOKEEPER-1034,2011-8
650,ZOOKEEPER-1025,2011-8
651,ZOOKEEPER-938,2011-8
652,ZOOKEEPER-1152,2011-8
653,ZOOKEEPER-1117,2011-8
654,ZOOKEEPER-999,2011-8
655,ZOOKEEPER-1153,2011-8
656,ZOOKEEPER-1140,2011-8
657,ZOOKEEPER-1051,2011-8
658,ZOOKEEPER-1168,2011-9
659,ZOOKEEPER-1166,2011-9
660,ZOOKEEPER-1165,2011-9
661,ZOOKEEPER-1107,2011-9
662,ZOOKEEPER-1169,2011-9
663,ZOOKEEPER-1160,2011-9
664,ZOOKEEPER-833,2011-9
665,ZOOKEEPER-1154,2011-9
666,ZOOKEEPER-1156,2011-9
667,ZOOKEEPER-731,2011-9
668,ZOOKEEPER-653,2011-9
669,ZOOKEEPER-1108,2011-9
670,ZOOKEEPER-1171,2011-9
671,ZOOKEEPER-981,2011-9
672,ZOOKEEPER-961,2011-9
673,ZOOKEEPER-1136,2011-9
674,ZOOKEEPER-1170,2011-9
675,ZOOKEEPER-96,2011-9
676,ZOOKEEPER-1175,2011-9
677,ZOOKEEPER-899,2011-9
678,ZOOKEEPER-1182,2011-9
679,ZOOKEEPER-1184,2011-9
680,ZOOKEEPER-1176,2011-9
681,ZOOKEEPER-556,2011-9
682,ZOOKEEPER-1189,2011-9
683,ZOOKEEPER-1185,2011-9
684,ZOOKEEPER-1201,2011-9
685,ZOOKEEPER-1195,2011-9
686,ZOOKEEPER-1203,2011-9
687,ZOOKEEPER-1206,2011-9
688,ZOOKEEPER-1174,2011-9
689,ZOOKEEPER-1190,2011-10
690,ZOOKEEPER-786,2011-10
691,ZOOKEEPER-1226,2011-10
692,ZOOKEEPER-1212,2011-10
693,ZOOKEEPER-1086,2011-10
694,ZOOKEEPER-1155,2011-10
695,ZOOKEEPER-1193,2011-10
696,ZOOKEEPER-1221,2011-10
697,ZOOKEEPER-1181,2011-10
698,ZOOKEEPER-1149,2011-10
699,ZOOKEEPER-1241,2011-10
700,ZOOKEEPER-1216,2011-10
701,ZOOKEEPER-1254,2011-10
702,ZOOKEEPER-1252,2011-10
703,ZOOKEEPER-1200,2011-10
704,ZOOKEEPER-1247,2011-10
705,ZOOKEEPER-1265,2011-10
706,ZOOKEEPER-1267,2011-10
707,ZOOKEEPER-1273,2011-10
708,ZOOKEEPER-1268,2011-11
709,ZOOKEEPER-1246,2011-11
710,ZOOKEEPER-1271,2011-11
711,ZOOKEEPER-1192,2011-11
712,ZOOKEEPER-1194,2011-11
713,ZOOKEEPER-1270,2011-11
714,ZOOKEEPER-1264,2011-11
715,ZOOKEEPER-1282,2011-11
716,ZOOKEEPER-1291,2011-11
717,ZOOKEEPER-1208,2011-11
718,ZOOKEEPER-1283,2011-11
719,ZOOKEEPER-1239,2011-11
720,ZOOKEEPER-1299,2011-11
721,ZOOKEEPER-1301,2011-11
722,ZOOKEEPER-1311,2011-12
723,ZOOKEEPER-1305,2011-12
724,ZOOKEEPER-1316,2011-12
725,ZOOKEEPER-1315,2011-12
726,ZOOKEEPER-1317,2011-12
727,ZOOKEEPER-1319,2011-12
728,ZOOKEEPER-1269,2011-12
729,ZOOKEEPER-1220,2011-12
730,ZOOKEEPER-1323,2011-12
731,ZOOKEEPER-1232,2011-12
732,ZOOKEEPER-1253,2011-12
733,ZOOKEEPER-756,2011-12
734,ZOOKEEPER-1333,2011-12
735,ZOOKEEPER-1292,2011-12
736,ZOOKEEPER-1100,2011-12
737,ZOOKEEPER-1326,2011-12
738,ZOOKEEPER-1342,2011-12
739,ZOOKEEPER-1331,2011-12
740,ZOOKEEPER-1089,2011-12
741,ZOOKEEPER-1262,2011-12
742,ZOOKEEPER-1229,2011-12
743,ZOOKEEPER-1345,2011-12
744,ZOOKEEPER-1343,2012-1
745,ZOOKEEPER-1050,2012-1
746,ZOOKEEPER-1293,2012-1
747,ZOOKEEPER-1294,2012-1
748,ZOOKEEPER-1358,2012-1
749,ZOOKEEPER-1351,2012-1
750,ZOOKEEPER-973,2012-1
751,ZOOKEEPER-850,2012-1
752,ZOOKEEPER-1367,2012-1
753,ZOOKEEPER-1353,2012-2
754,ZOOKEEPER-1348,2012-2
755,ZOOKEEPER-1373,2012-2
756,ZOOKEEPER-1322,2012-2
757,ZOOKEEPER-1352,2012-2
758,ZOOKEEPER-1336,2012-2
759,ZOOKEEPER-1327,2012-2
760,ZOOKEEPER-1340,2012-2
761,ZOOKEEPER-1374,2012-2
762,ZOOKEEPER-1337,2012-2
763,ZOOKEEPER-1338,2012-2
764,ZOOKEEPER-1370,2012-2
765,ZOOKEEPER-1321,2012-2
766,ZOOKEEPER-1389,2012-2
767,ZOOKEEPER-1309,2012-2
768,ZOOKEEPER-1386,2012-2
769,ZOOKEEPER-1354,2012-3
770,ZOOKEEPER-1161,2012-3
771,ZOOKEEPER-1277,2012-3
772,ZOOKEEPER-1412,2012-3
773,ZOOKEEPER-1344,2012-3
774,ZOOKEEPER-1307,2012-3
775,ZOOKEEPER-1390,2012-3
776,ZOOKEEPER-1397,2012-3
777,ZOOKEEPER-271,2012-3
778,ZOOKEEPER-1406,2012-3
779,ZOOKEEPER-1403,2012-3
780,ZOOKEEPER-1377,2012-3
781,ZOOKEEPER-1384,2012-3
782,ZOOKEEPER-1419,2012-3
783,ZOOKEEPER-1433,2012-3
784,ZOOKEEPER-1435,2012-3
785,ZOOKEEPER-1395,2012-3
786,ZOOKEEPER-1450,2012-4
787,ZOOKEEPER-1451,2012-4
788,ZOOKEEPER-1432,2012-4
789,ZOOKEEPER-1439,2012-4
790,ZOOKEEPER-1048,2012-5
791,ZOOKEEPER-1339,2012-5
792,ZOOKEEPER-1318,2012-5
793,ZOOKEEPER-642,2012-5
794,ZOOKEEPER-1431,2012-6
795,ZOOKEEPER-1163,2012-6
796,ZOOKEEPER-1466,2012-6
797,ZOOKEEPER-1490,2012-6
798,ZOOKEEPER-1210,2012-6
799,ZOOKEEPER-1236,2012-6
800,ZOOKEEPER-1471,2012-6
801,ZOOKEEPER-1454,2012-6
802,ZOOKEEPER-1465,2012-7
803,ZOOKEEPER-1427,2012-7
804,ZOOKEEPER-1489,2012-7
805,ZOOKEEPER-1521,2012-7
806,ZOOKEEPER-1493,2012-7
807,ZOOKEEPER-1522,2012-8
808,ZOOKEEPER-1518,2012-8
809,ZOOKEEPER-1503,2012-8
810,ZOOKEEPER-1510,2012-8
811,ZOOKEEPER-1514,2012-8
812,ZOOKEEPER-1533,2012-8
813,ZOOKEEPER-1497,2012-8
814,ZOOKEEPER-1536,2012-8
815,ZOOKEEPER-1481,2012-8
816,ZOOKEEPER-1328,2012-9
817,ZOOKEEPER-1380,2012-9
818,ZOOKEEPER-1538,2012-9
819,ZOOKEEPER-1501,2012-9
820,ZOOKEEPER-1437,2012-9
821,ZOOKEEPER-1494,2012-9
822,ZOOKEEPER-1483,2012-9
823,ZOOKEEPER-1361,2012-9
824,ZOOKEEPER-1496,2012-9
825,ZOOKEEPER-1376,2012-9
826,ZOOKEEPER-1540,2012-9
827,ZOOKEEPER-1550,2012-9
828,ZOOKEEPER-1560,2012-10
829,ZOOKEEPER-1355,2012-11
830,ZOOKEEPER-1585,2012-11
831,ZOOKEEPER-1590,2012-11
832,ZOOKEEPER-1474,2012-11
833,ZOOKEEPER-1591,2012-11
834,ZOOKEEPER-1505,2012-12
835,ZOOKEEPER-1564,2012-12
836,ZOOKEEPER-1596,2012-12
837,ZOOKEEPER-1513,2012-12
838,ZOOKEEPER-1581,2012-12
839,ZOOKEEPER-1598,2012-12
840,ZOOKEEPER-721,2012-12
841,ZOOKEEPER-753,2012-12
842,ZOOKEEPER-1553,2012-12
843,ZOOKEEPER-1583,2012-12
844,ZOOKEEPER-1478,2012-12
845,ZOOKEEPER-1387,2012-12
846,ZOOKEEPER-1404,2012-12
847,ZOOKEEPER-1584,2012-12
848,ZOOKEEPER-1602,2012-12
849,ZOOKEEPER-1335,2012-12
850,ZOOKEEPER-1578,2012-12
851,ZOOKEEPER-1334,2012-12
852,ZOOKEEPER-1297,2012-12
853,ZOOKEEPER-1563,2012-12
854,ZOOKEEPER-1535,2012-12
855,ZOOKEEPER-1625,2013-1
856,ZOOKEEPER-1495,2013-1
857,ZOOKEEPER-1620,2013-1
858,ZOOKEEPER-1619,2013-1
859,ZOOKEEPER-1628,2013-1
860,ZOOKEEPER-1615,2013-1
861,ZOOKEEPER-1613,2013-1
862,ZOOKEEPER-1601,2013-1
863,ZOOKEEPER-1562,2013-2
864,ZOOKEEPER-1572,2013-2
865,ZOOKEEPER-1645,2013-2
866,ZOOKEEPER-1641,2013-2
867,ZOOKEEPER-1648,2013-2
868,ZOOKEEPER-1606,2013-2
869,ZOOKEEPER-1647,2013-2
870,ZOOKEEPER-1643,2013-2
871,ZOOKEEPER-1113,2013-3
872,ZOOKEEPER-1672,2013-3
873,ZOOKEEPER-107,2013-3
874,ZOOKEEPER-1633,2013-4
875,ZOOKEEPER-1411,2013-4
876,ZOOKEEPER-1700,2013-5
877,ZOOKEEPER-1697,2013-5
878,ZOOKEEPER-1706,2013-5
879,ZOOKEEPER-1324,2013-5
880,ZOOKEEPER-1642,2013-5
881,ZOOKEEPER-1663,2013-5
882,ZOOKEEPER-1417,2013-6
883,ZOOKEEPER-1714,2013-6
884,ZOOKEEPER-1719,2013-6
885,ZOOKEEPER-1413,2013-7
886,ZOOKEEPER-876,2013-7
887,ZOOKEEPER-1702,2013-7
888,ZOOKEEPER-1629,2013-7
889,ZOOKEEPER-1731,2013-8
890,ZOOKEEPER-1400,2013-8
891,ZOOKEEPER-1679,2013-8
892,ZOOKEEPER-1713,2013-9
893,ZOOKEEPER-1379,2013-9
894,ZOOKEEPER-1448,2013-9
895,ZOOKEEPER-1664,2013-9
896,ZOOKEEPER-1754,2013-9
897,ZOOKEEPER-1751,2013-9
898,ZOOKEEPER-1657,2013-9
899,ZOOKEEPER-1753,2013-9
900,ZOOKEEPER-1096,2013-9
901,ZOOKEEPER-87,2013-9
902,ZOOKEEPER-1603,2013-9
903,ZOOKEEPER-1696,2013-9
904,ZOOKEEPER-1759,2013-9
905,ZOOKEEPER-1686,2013-9
906,ZOOKEEPER-1758,2013-9
907,ZOOKEEPER-1552,2013-9
908,ZOOKEEPER-1769,2013-10
909,ZOOKEEPER-1718,2013-10
910,ZOOKEEPER-1670,2013-10
911,ZOOKEEPER-1655,2013-10
912,ZOOKEEPER-1770,2013-10
913,ZOOKEEPER-1765,2013-10
914,ZOOKEEPER-1462,2013-10
915,ZOOKEEPER-1773,2013-10
916,ZOOKEEPER-732,2013-10
917,ZOOKEEPER-1766,2013-10
918,ZOOKEEPER-1778,2013-10
919,ZOOKEEPER-1750,2013-10
920,ZOOKEEPER-1781,2013-10
921,ZOOKEEPER-1774,2013-10
922,ZOOKEEPER-1771,2013-10
923,ZOOKEEPER-877,2013-10
924,ZOOKEEPER-1551,2013-10
925,ZOOKEEPER-1509,2013-10
926,ZOOKEEPER-1147,2013-10
927,ZOOKEEPER-1627,2013-10
928,ZOOKEEPER-1624,2013-10
929,ZOOKEEPER-1610,2013-10
930,ZOOKEEPER-1795,2013-10
931,ZOOKEEPER-1646,2013-10
932,ZOOKEEPER-1558,2013-10
933,ZOOKEEPER-1667,2013-10
934,ZOOKEEPER-1799,2013-10
935,ZOOKEEPER-1557,2013-10
936,ZOOKEEPER-1744,2013-10
937,ZOOKEEPER-1499,2013-10
938,ZOOKEEPER-1732,2013-10
939,ZOOKEEPER-1554,2013-10
940,ZOOKEEPER-1783,2013-11
941,ZOOKEEPER-1812,2013-11
942,ZOOKEEPER-1666,2013-11
943,ZOOKEEPER-1798,2013-11
944,ZOOKEEPER-1786,2013-11
945,ZOOKEEPER-1808,2013-11
946,ZOOKEEPER-1597,2013-11
947,ZOOKEEPER-1815,2013-11
948,ZOOKEEPER-1817,2013-11
949,ZOOKEEPER-1653,2013-11
950,ZOOKEEPER-1821,2013-11
951,ZOOKEEPER-1632,2013-12
952,ZOOKEEPER-1459,2013-12
953,ZOOKEEPER-1019,2013-12
954,ZOOKEEPER-1834,2013-12
955,ZOOKEEPER-1382,2013-12
956,ZOOKEEPER-1715,2013-12
957,ZOOKEEPER-1839,2013-12
958,ZOOKEEPER-1622,2013-12
959,ZOOKEEPER-1756,2013-12
960,ZOOKEEPER-1388,2013-12
961,ZOOKEEPER-1841,2013-12
962,ZOOKEEPER-1733,2013-12
963,ZOOKEEPER-1430,2013-12
964,ZOOKEEPER-1849,2013-12
965,ZOOKEEPER-1852,2014-1
966,ZOOKEEPER-1414,2014-1
967,ZOOKEEPER-1057,2014-1
968,ZOOKEEPER-1857,2014-1
969,ZOOKEEPER-1238,2014-1
970,ZOOKEEPER-1860,2014-1
971,ZOOKEEPER-1837,2014-1
972,ZOOKEEPER-1691,2014-1
973,ZOOKEEPER-442,2014-1
974,ZOOKEEPER-1858,2014-1
975,ZOOKEEPER-1867,2014-1
976,ZOOKEEPER-1573,2014-2
977,ZOOKEEPER-1811,2014-2
978,ZOOKEEPER-1179,2014-2
979,ZOOKEEPER-1874,2014-2
980,ZOOKEEPER-1873,2014-2
981,ZOOKEEPER-1844,2014-2
982,ZOOKEEPER-1861,2014-2
983,ZOOKEEPER-1755,2014-2
984,ZOOKEEPER-1779,2014-3
985,ZOOKEEPER-1662,2014-3
986,ZOOKEEPER-1440,2014-3
987,ZOOKEEPER-1638,2014-3
988,ZOOKEEPER-1805,2014-3
989,ZOOKEEPER-1883,2014-3
990,ZOOKEEPER-1888,2014-3
991,ZOOKEEPER-1862,2014-3
992,ZOOKEEPER-1796,2014-3
993,ZOOKEEPER-1901,2014-3
994,ZOOKEEPER-1263,2014-3
995,ZOOKEEPER-1227,2014-3
996,ZOOKEEPER-1213,2014-3
997,ZOOKEEPER-1904,2014-3
998,ZOOKEEPER-1878,2014-3
999,ZOOKEEPER-1894,2014-3
1000,ZOOKEEPER-1408,2014-3
1001,ZOOKEEPER-1219,2014-3
1002,ZOOKEEPER-1728,2014-3
1003,ZOOKEEPER-1725,2014-3
1004,ZOOKEEPER-1701,2014-4
1005,ZOOKEEPER-1730,2014-4
1006,ZOOKEEPER-1906,2014-4
1007,ZOOKEEPER-1897,2014-4
1008,ZOOKEEPER-1830,2014-4
1009,ZOOKEEPER-1831,2014-4
1010,ZOOKEEPER-1574,2014-4
1011,ZOOKEEPER-1575,2014-4
1012,ZOOKEEPER-1829,2014-4
1013,ZOOKEEPER-1191,2014-4
1014,ZOOKEEPER-1357,2014-4
1015,ZOOKEEPER-1887,2014-4
1016,ZOOKEEPER-1840,2014-4
1017,ZOOKEEPER-1909,2014-4
1018,ZOOKEEPER-1913,2014-4
1019,ZOOKEEPER-670,2014-4
1020,ZOOKEEPER-740,2014-4
1021,ZOOKEEPER-1745,2014-4
1022,ZOOKEEPER-1911,2014-4
1023,ZOOKEEPER-1819,2014-4
1024,ZOOKEEPER-1673,2014-4
1025,ZOOKEEPER-1843,2014-4
1026,ZOOKEEPER-1910,2014-4
1027,ZOOKEEPER-1695,2014-4
1028,ZOOKEEPER-805,2014-4
1029,ZOOKEEPER-751,2014-5
1030,ZOOKEEPER-1923,2014-5
1031,ZOOKEEPER-1926,2014-5
1032,ZOOKEEPER-1891,2014-5
1033,ZOOKEEPER-657,2014-5
1034,ZOOKEEPER-1836,2014-5
1035,ZOOKEEPER-1895,2014-5
1036,ZOOKEEPER-1062,2014-5
1037,ZOOKEEPER-1864,2014-5
1038,ZOOKEEPER-1797,2014-5
1039,ZOOKEEPER-1791,2014-5
1040,ZOOKEEPER-1214,2014-5
1041,ZOOKEEPER-716,2014-5
1042,ZOOKEEPER-1699,2014-5
1043,ZOOKEEPER-1044,2014-5
1044,ZOOKEEPER-1930,2014-5
1045,ZOOKEEPER-1659,2014-6
1046,ZOOKEEPER-1928,2014-6
1047,ZOOKEEPER-1943,2014-6
1048,ZOOKEEPER-1945,2014-6
1049,ZOOKEEPER-1746,2014-6
1050,ZOOKEEPER-1939,2014-6
1051,ZOOKEEPER-1938,2014-6
1052,ZOOKEEPER-1576,2014-6
1053,ZOOKEEPER-1900,2014-6
1054,ZOOKEEPER-1918,2014-7
1055,ZOOKEEPER-1946,2014-7
1056,ZOOKEEPER-1835,2014-7
1057,ZOOKEEPER-827,2014-7
1058,ZOOKEEPER-1810,2014-7
1059,ZOOKEEPER-1222,2014-7
1060,ZOOKEEPER-1953,2014-7
1061,ZOOKEEPER-1964,2014-7
1062,ZOOKEEPER-1863,2014-7
1063,ZOOKEEPER-1966,2014-7
1064,ZOOKEEPER-1683,2014-7
1065,ZOOKEEPER-1346,2014-7
1066,ZOOKEEPER-1969,2014-7
1067,ZOOKEEPER-1968,2014-7
1068,ZOOKEEPER-1851,2014-7
1069,ZOOKEEPER-927,2014-7
1070,ZOOKEEPER-1972,2014-7
1071,ZOOKEEPER-1973,2014-7
1072,ZOOKEEPER-1975,2014-7
1073,ZOOKEEPER-1979,2014-7
1074,ZOOKEEPER-1981,2014-7
1075,ZOOKEEPER-1984,2014-7
1076,ZOOKEEPER-1789,2014-7
1077,ZOOKEEPER-1982,2014-7
1078,ZOOKEEPER-1986,2014-7
1079,ZOOKEEPER-1937,2014-7
1080,ZOOKEEPER-1877,2014-7
1081,ZOOKEEPER-1974,2014-7
1082,ZOOKEEPER-1933,2014-7
1083,ZOOKEEPER-1988,2014-7
1084,ZOOKEEPER-1992,2014-8
1085,ZOOKEEPER-1999,2014-8
1086,ZOOKEEPER-1989,2014-8
1087,ZOOKEEPER-1994,2014-8
1088,ZOOKEEPER-2008,2014-8
1089,ZOOKEEPER-2006,2014-8
1090,ZOOKEEPER-2013,2014-8
1091,ZOOKEEPER-2017,2014-8
1092,ZOOKEEPER-1870,2014-8
1093,ZOOKEEPER-1660,2014-8
1094,ZOOKEEPER-2032,2014-9
1095,ZOOKEEPER-2030,2014-9
1096,ZOOKEEPER-2039,2014-9
1097,ZOOKEEPER-2047,2014-9
1098,ZOOKEEPER-2026,2014-9
1099,ZOOKEEPER-1948,2014-9
1100,ZOOKEEPER-2054,2014-10
1101,ZOOKEEPER-1917,2014-10
1102,ZOOKEEPER-2058,2014-10
1103,ZOOKEEPER-2049,2014-10
1104,ZOOKEEPER-2066,2014-10
1105,ZOOKEEPER-2052,2014-10
1106,ZOOKEEPER-1987,2014-11
1107,ZOOKEEPER-2079,2014-11
1108,ZOOKEEPER-2060,2014-11
1109,ZOOKEEPER-2064,2014-11
1110,ZOOKEEPER-1963,2014-12
1111,ZOOKEEPER-2069,2014-12
1112,ZOOKEEPER-1784,2015-1
1113,ZOOKEEPER-2110,2015-1
1114,ZOOKEEPER-2072,2015-1
1115,ZOOKEEPER-2111,2015-1
1116,ZOOKEEPER-1366,2015-2
1117,ZOOKEEPER-1949,2015-2
1118,ZOOKEEPER-2114,2015-2
1119,ZOOKEEPER-2073,2015-2
1120,ZOOKEEPER-2119,2015-2
1121,ZOOKEEPER-1952,2015-3
1122,ZOOKEEPER-2134,2015-3
1123,ZOOKEEPER-1893,2015-3
1124,ZOOKEEPER-2109,2015-3
1125,ZOOKEEPER-2107,2015-3
1126,ZOOKEEPER-2125,2015-3
1127,ZOOKEEPER-2146,2015-3
1128,ZOOKEEPER-2149,2015-3
1129,ZOOKEEPER-2123,2015-3
1130,ZOOKEEPER-2056,2015-4
1131,ZOOKEEPER-2157,2015-4
1132,ZOOKEEPER-2029,2015-4
1133,ZOOKEEPER-2173,2015-4
1134,ZOOKEEPER-2174,2015-5
1135,ZOOKEEPER-2062,2015-5
1136,ZOOKEEPER-2176,2015-5
1137,ZOOKEEPER-2153,2015-5
1138,ZOOKEEPER-2171,2015-5
1139,ZOOKEEPER-2182,2015-5
1140,ZOOKEEPER-2183,2015-5
1141,ZOOKEEPER-2190,2015-5
1142,ZOOKEEPER-2126,2015-5
1143,ZOOKEEPER-1077,2015-5
1144,ZOOKEEPER-2156,2015-5
1145,ZOOKEEPER-2191,2015-5
1146,ZOOKEEPER-2186,2015-5
1147,ZOOKEEPER-2124,2015-5
1148,ZOOKEEPER-2187,2015-5
1149,ZOOKEEPER-2179,2015-5
1150,ZOOKEEPER-2098,2015-5
1151,ZOOKEEPER-2198,2015-5
1152,ZOOKEEPER-2178,2015-6
1153,ZOOKEEPER-2197,2015-6
1154,ZOOKEEPER-2096,2015-6
1155,ZOOKEEPER-2194,2015-6
1156,ZOOKEEPER-2204,2015-6
1157,ZOOKEEPER-2205,2015-6
1158,ZOOKEEPER-2206,2015-6
1159,ZOOKEEPER-2207,2015-6
1160,ZOOKEEPER-2208,2015-6
1161,ZOOKEEPER-2201,2015-6
1162,ZOOKEEPER-2213,2015-6
1163,ZOOKEEPER-2214,2015-6
1164,ZOOKEEPER-706,2015-6
1165,ZOOKEEPER-2212,2015-6
1166,ZOOKEEPER-602,2015-6
1167,ZOOKEEPER-2185,2015-6
1168,ZOOKEEPER-1626,2015-6
1169,ZOOKEEPER-2163,2015-6
1170,ZOOKEEPER-2210,2015-6
1171,ZOOKEEPER-2193,2015-6
1172,ZOOKEEPER-2140,2015-6
1173,ZOOKEEPER-2221,2015-6
1174,ZOOKEEPER-2224,2015-7
1175,ZOOKEEPER-2223,2015-7
1176,ZOOKEEPER-1423,2015-7
1177,ZOOKEEPER-2237,2015-8
1178,ZOOKEEPER-1927,2015-8
1179,ZOOKEEPER-2033,2015-9
1180,ZOOKEEPER-2256,2015-9
1181,ZOOKEEPER-2264,2015-9
1182,ZOOKEEPER-2271,2015-9
1183,ZOOKEEPER-2270,2015-9
1184,ZOOKEEPER-2269,2015-9
1185,ZOOKEEPER-2040,2015-9
1186,ZOOKEEPER-2245,2015-9
1187,ZOOKEEPER-1506,2015-9
1188,ZOOKEEPER-2279,2015-9
1189,ZOOKEEPER-1803,2015-9
1190,ZOOKEEPER-2253,2015-9
1191,ZOOKEEPER-2244,2015-9
1192,ZOOKEEPER-2268,2015-10
1193,ZOOKEEPER-2296,2015-10
1194,ZOOKEEPER-2239,2015-10
1195,ZOOKEEPER-2302,2015-10
1196,ZOOKEEPER-2142,2015-10
1197,ZOOKEEPER-1872,2015-11
1198,ZOOKEEPER-1833,2015-11
1199,ZOOKEEPER-1853,2015-11
1200,ZOOKEEPER-2227,2015-11
1201,ZOOKEEPER-2315,2015-11
1202,ZOOKEEPER-1929,2015-11
1203,ZOOKEEPER-1371,2015-11
1204,ZOOKEEPER-2329,2015-11
1205,ZOOKEEPER-2211,2015-12
1206,ZOOKEEPER-2326,2015-12
1207,ZOOKEEPER-2335,2015-12
1208,ZOOKEEPER-2311,2015-12
1209,ZOOKEEPER-2306,2015-12
1210,ZOOKEEPER-2304,2015-12
1211,ZOOKEEPER-2301,2015-12
1212,ZOOKEEPER-2299,2015-12
1213,ZOOKEEPER-2300,2015-12
1214,ZOOKEEPER-2295,2015-12
1215,ZOOKEEPER-2281,2015-12
1216,ZOOKEEPER-2340,2015-12
1217,ZOOKEEPER-2229,2015-12
1218,ZOOKEEPER-2252,2015-12
1219,ZOOKEEPER-1029,2015-12
1220,ZOOKEEPER-412,2015-12
1221,ZOOKEEPER-2334,2015-12
1222,ZOOKEEPER-1907,2015-12
1223,ZOOKEEPER-2347,2016-1
1224,ZOOKEEPER-2360,2016-2
1225,ZOOKEEPER-1740,2016-2
1226,ZOOKEEPER-2243,2016-2
1227,ZOOKEEPER-2375,2016-3
1228,ZOOKEEPER-1991,2016-3
1229,ZOOKEEPER-2336,2016-3
1230,ZOOKEEPER-1604,2016-3
1231,ZOOKEEPER-2294,2016-3
1232,ZOOKEEPER-2378,2016-3
1233,ZOOKEEPER-2373,2016-3
1234,ZOOKEEPER-2379,2016-3
1235,ZOOKEEPER-2087,2016-3
1236,ZOOKEEPER-2133,2016-3
1237,ZOOKEEPER-2283,2016-3
1238,ZOOKEEPER-2385,2016-3
1239,ZOOKEEPER-2388,2016-3
1240,ZOOKEEPER-2392,2016-3
1241,ZOOKEEPER-2393,2016-3
1242,ZOOKEEPER-2240,2016-3
1243,ZOOKEEPER-2195,2016-3
1244,ZOOKEEPER-2364,2016-3
1245,ZOOKEEPER-2141,2016-4
1246,ZOOKEEPER-2413,2016-4
1247,ZOOKEEPER-2139,2016-5
1248,ZOOKEEPER-2235,2016-5
1249,ZOOKEEPER-2396,2016-5
1250,ZOOKEEPER-2330,2016-5
1251,ZOOKEEPER-2024,2016-5
1252,ZOOKEEPER-2402,2016-5
1253,ZOOKEEPER-2405,2016-5
1254,ZOOKEEPER-1295,2016-5
1255,ZOOKEEPER-2410,2016-6
1256,ZOOKEEPER-2137,2016-6
1257,ZOOKEEPER-2433,2016-6
1258,ZOOKEEPER-2450,2016-6
1259,ZOOKEEPER-2297,2016-6
1260,ZOOKEEPER-1460,2016-6
1261,ZOOKEEPER-2380,2016-6
1262,ZOOKEEPER-2366,2016-6
1263,ZOOKEEPER-2458,2016-6
1264,ZOOKEEPER-2459,2016-6
1265,ZOOKEEPER-2478,2016-7
1266,ZOOKEEPER-1898,2016-7
1267,ZOOKEEPER-2477,2016-7
1268,ZOOKEEPER-1256,2016-7
1269,ZOOKEEPER-2442,2016-8
1270,ZOOKEEPER-2498,2016-8
1271,ZOOKEEPER-2500,2016-8
1272,ZOOKEEPER-2074,2016-8
1273,ZOOKEEPER-2452,2016-8
1274,ZOOKEEPER-2323,2016-8
1275,ZOOKEEPER-2247,2016-8
1276,ZOOKEEPER-2482,2016-8
1277,ZOOKEEPER-2514,2016-8
1278,ZOOKEEPER-2505,2016-8
1279,ZOOKEEPER-2508,2016-8
1280,ZOOKEEPER-2152,2016-8
1281,ZOOKEEPER-2489,2016-8
1282,ZOOKEEPER-2502,2016-9
1283,ZOOKEEPER-2548,2016-9
1284,ZOOKEEPER-2558,2016-9
1285,ZOOKEEPER-2536,2016-9
1286,ZOOKEEPER-2539,2016-9
1287,ZOOKEEPER-2507,2016-9
1288,ZOOKEEPER-1962,2016-9
1289,ZOOKEEPER-2172,2016-9
1290,ZOOKEEPER-2557,2016-9
1291,ZOOKEEPER-2484,2016-9
1292,ZOOKEEPER-2576,2016-9
1293,ZOOKEEPER-2579,2016-9
1294,ZOOKEEPER-2594,2016-10
1295,ZOOKEEPER-2169,2016-10
1296,ZOOKEEPER-2611,2016-10
1297,ZOOKEEPER-2467,2016-10
1298,ZOOKEEPER-2606,2016-10
1299,ZOOKEEPER-2597,2016-10
1300,ZOOKEEPER-2556,2016-11
1301,ZOOKEEPER-2624,2016-11
1302,ZOOKEEPER-2631,2016-11
1303,ZOOKEEPER-2014,2016-11
1304,ZOOKEEPER-1525,2016-11
1305,ZOOKEEPER-2632,2016-11
1306,ZOOKEEPER-2628,2016-11
1307,ZOOKEEPER-2636,2016-11
1308,ZOOKEEPER-2627,2016-12
1309,ZOOKEEPER-1045,2016-12
1310,ZOOKEEPER-2542,2016-12
1311,ZOOKEEPER-2552,2016-12
1312,ZOOKEEPER-2479,2016-12
1313,ZOOKEEPER-2470,2016-12
1314,ZOOKEEPER-2646,2016-12
1315,ZOOKEEPER-2652,2016-12
1316,ZOOKEEPER-2655,2016-12
1317,ZOOKEEPER-2517,2016-12
1318,ZOOKEEPER-2465,2016-12
1319,ZOOKEEPER-2383,2017-1
1320,ZOOKEEPER-2650,2017-1
1321,ZOOKEEPER-2647,2017-1
1322,ZOOKEEPER-2620,2017-1
1323,ZOOKEEPER-2656,2017-1
1324,ZOOKEEPER-2511,2017-1
1325,ZOOKEEPER-2658,2017-1
1326,ZOOKEEPER-2651,2017-1
1327,ZOOKEEPER-261,2017-1
1328,ZOOKEEPER-2664,2017-1
1329,ZOOKEEPER-2633,2017-1
1330,ZOOKEEPER-2574,2017-1
1331,ZOOKEEPER-2671,2017-1
1332,ZOOKEEPER-2573,2017-1
1333,ZOOKEEPER-2622,2017-1
1334,ZOOKEEPER-2044,2017-1
1335,ZOOKEEPER-2682,2017-2
1336,ZOOKEEPER-2080,2017-2
1337,ZOOKEEPER-2672,2017-2
1338,ZOOKEEPER-2680,2017-2
1339,ZOOKEEPER-2464,2017-2
1340,ZOOKEEPER-2642,2017-2
1341,ZOOKEEPER-2689,2017-2
1342,ZOOKEEPER-2683,2017-2
1343,ZOOKEEPER-2617,2017-2
1344,ZOOKEEPER-2678,2017-2
1345,ZOOKEEPER-2687,2017-2
1346,ZOOKEEPER-2692,2017-2
1347,ZOOKEEPER-2696,2017-2
1348,ZOOKEEPER-2693,2017-3
1349,ZOOKEEPER-2710,2017-3
1350,ZOOKEEPER-2665,2017-3
1351,ZOOKEEPER-2709,2017-3
1352,ZOOKEEPER-2718,2017-3
1353,ZOOKEEPER-2716,2017-3
1354,ZOOKEEPER-2460,2017-3
1355,ZOOKEEPER-2726,2017-3
1356,ZOOKEEPER-2724,2017-3
1357,ZOOKEEPER-2719,2017-3
1358,ZOOKEEPER-2725,2017-3
1359,ZOOKEEPER-2635,2017-3
1360,ZOOKEEPER-2712,2017-3
1361,ZOOKEEPER-2706,2017-3
1362,ZOOKEEPER-2735,2017-3
1363,ZOOKEEPER-2608,2017-3
1364,ZOOKEEPER-2737,2017-3
1365,ZOOKEEPER-2734,2017-3
1366,ZOOKEEPER-2746,2017-4
1367,ZOOKEEPER-2729,2017-4
1368,ZOOKEEPER-2749,2017-4
1369,ZOOKEEPER-2743,2017-4
1370,ZOOKEEPER-2707,2017-4
1371,ZOOKEEPER-2686,2017-4
1372,ZOOKEEPER-2754,2017-4
1373,ZOOKEEPER-2722,2017-4
1374,ZOOKEEPER-2747,2017-4
1375,ZOOKEEPER-2744,2017-4
1376,ZOOKEEPER-2638,2017-4
1377,ZOOKEEPER-2758,2017-4
1378,ZOOKEEPER-2759,2017-4
1379,ZOOKEEPER-2316,2017-4
1380,ZOOKEEPER-2662,2017-4
1381,ZOOKEEPER-2742,2017-4
1382,ZOOKEEPER-2697,2017-5
1383,ZOOKEEPER-1932,2017-5
1384,ZOOKEEPER-2785,2017-5
1385,ZOOKEEPER-2774,2017-5
1386,ZOOKEEPER-2732,2017-5
1387,ZOOKEEPER-2733,2017-5
1388,ZOOKEEPER-2731,2017-5
1389,ZOOKEEPER-2762,2017-5
1390,ZOOKEEPER-2691,2017-5
1391,ZOOKEEPER-2757,2017-5
1392,ZOOKEEPER-2767,2017-5
1393,ZOOKEEPER-2796,2017-5
1394,ZOOKEEPER-2797,2017-6
1395,ZOOKEEPER-2788,2017-6
1396,ZOOKEEPER-2359,2017-6
1397,ZOOKEEPER-1748,2017-6
1398,ZOOKEEPER-2798,2017-6
1399,ZOOKEEPER-2775,2017-6
1400,ZOOKEEPER-2808,2017-6
1401,ZOOKEEPER-2730,2017-6
1402,ZOOKEEPER-2728,2017-6
1403,ZOOKEEPER-1782,2017-6
1404,ZOOKEEPER-2815,2017-6
1405,ZOOKEEPER-2816,2017-6
1406,ZOOKEEPER-2818,2017-7
1407,ZOOKEEPER-2819,2017-7
1408,ZOOKEEPER-2811,2017-7
1409,ZOOKEEPER-2740,2017-7
1410,ZOOKEEPER-1504,2017-7
1411,ZOOKEEPER-2792,2017-7
1412,ZOOKEEPER-2856,2017-7
1413,ZOOKEEPER-2577,2017-7
1414,ZOOKEEPER-2841,2017-8
1415,ZOOKEEPER-2614,2017-8
1416,ZOOKEEPER-2355,2017-8
1417,ZOOKEEPER-1669,2017-8
1418,ZOOKEEPER-2852,2017-8
1419,ZOOKEEPER-2862,2017-8
1420,ZOOKEEPER-2853,2017-8
1421,ZOOKEEPER-2863,2017-8
1422,ZOOKEEPER-2865,2017-8
1423,ZOOKEEPER-169,2017-8
1424,ZOOKEEPER-2786,2017-8
1425,ZOOKEEPER-2756,2017-8
1426,ZOOKEEPER-2864,2017-8
1427,ZOOKEEPER-2870,2017-8
1428,ZOOKEEPER-2859,2017-8
1429,ZOOKEEPER-2874,2017-8
1430,ZOOKEEPER-2804,2017-8
1431,ZOOKEEPER-2861,2017-8
1432,ZOOKEEPER-2880,2017-8
1433,ZOOKEEPER-2829,2017-8
1434,ZOOKEEPER-2885,2017-8
1435,ZOOKEEPER-2875,2017-9
1436,ZOOKEEPER-2630,2017-9
1437,ZOOKEEPER-2349,2017-9
1438,ZOOKEEPER-2581,2017-9
1439,ZOOKEEPER-2777,2017-9
1440,ZOOKEEPER-2809,2017-9
1441,ZOOKEEPER-2896,2017-9
1442,ZOOKEEPER-2905,2017-9
1443,ZOOKEEPER-2887,2017-9
1444,ZOOKEEPER-2906,2017-9
1445,ZOOKEEPER-2904,2017-10
1446,ZOOKEEPER-2908,2017-10
1447,ZOOKEEPER-2914,2017-10
1448,ZOOKEEPER-2909,2017-10
1449,ZOOKEEPER-2890,2017-10
1450,ZOOKEEPER-1703,2017-10
1451,ZOOKEEPER-2684,2017-11
1452,ZOOKEEPER-2690,2017-11
1453,ZOOKEEPER-2923,2017-11
1454,ZOOKEEPER-2934,2017-11
1455,ZOOKEEPER-2931,2017-11
1456,ZOOKEEPER-2795,2017-11
1457,ZOOKEEPER-2944,2017-11
1458,ZOOKEEPER-2948,2017-11
1459,ZOOKEEPER-2935,2017-11
1460,ZOOKEEPER-2915,2017-12
1461,ZOOKEEPER-2338,2017-12
1462,ZOOKEEPER-2924,2017-12
1463,ZOOKEEPER-2951,2017-12
1464,ZOOKEEPER-2950,2017-12
1465,ZOOKEEPER-2952,2017-12
1466,ZOOKEEPER-2953,2017-12
1467,ZOOKEEPER-2893,2017-12
1468,ZOOKEEPER-2960,2018-1
1469,ZOOKEEPER-2249,2018-1
1470,ZOOKEEPER-2961,2018-1
1471,ZOOKEEPER-2964,2018-1
1472,ZOOKEEPER-1580,2018-1
1473,ZOOKEEPER-2949,2018-1
1474,ZOOKEEPER-2824,2018-2
1475,ZOOKEEPER-2939,2018-2
1476,ZOOKEEPER-2981,2018-2
1477,ZOOKEEPER-2967,2018-2
1478,ZOOKEEPER-2978,2018-2
1479,ZOOKEEPER-2845,2018-2
1480,ZOOKEEPER-2936,2018-3
1481,ZOOKEEPER-2992,2018-3
1482,ZOOKEEPER-2962,2018-3
1483,ZOOKEEPER-761,2018-3
1484,ZOOKEEPER-3001,2018-3
1485,ZOOKEEPER-2998,2018-3
1486,ZOOKEEPER-2997,2018-3
1487,ZOOKEEPER-2806,2018-3
1488,ZOOKEEPER-3006,2018-4
1489,ZOOKEEPER-3016,2018-4
1490,ZOOKEEPER-3017,2018-4
1491,ZOOKEEPER-2999,2018-4
1492,ZOOKEEPER-3002,2018-4
1493,ZOOKEEPER-2994,2018-4
1494,ZOOKEEPER-3025,2018-4
1495,ZOOKEEPER-2415,2018-4
1496,ZOOKEEPER-3007,2018-4
1497,ZOOKEEPER-3027,2018-4
1498,ZOOKEEPER-2988,2018-4
1499,ZOOKEEPER-2982,2018-5
1500,ZOOKEEPER-2901,2018-5
1501,ZOOKEEPER-3012,2018-5
1502,ZOOKEEPER-2959,2018-5
1503,ZOOKEEPER-3038,2018-5
1504,ZOOKEEPER-2903,2018-5
1505,ZOOKEEPER-1807,2018-5
1506,ZOOKEEPER-2971,2018-5
1507,ZOOKEEPER-2980,2018-5
1508,ZOOKEEPER-3039,2018-5
1509,ZOOKEEPER-3041,2018-5
1510,ZOOKEEPER-3044,2018-5
1511,ZOOKEEPER-2955,2018-5
1512,ZOOKEEPER-3050,2018-5
1513,ZOOKEEPER-3051,2018-5
1514,ZOOKEEPER-2993,2018-5
1515,ZOOKEEPER-1919,2018-5
1516,ZOOKEEPER-3043,2018-5
1517,ZOOKEEPER-2317,2018-5
1518,ZOOKEEPER-2920,2018-5
1519,ZOOKEEPER-2968,2018-5
1520,ZOOKEEPER-3019,2018-6
1521,ZOOKEEPER-3063,2018-6
1522,ZOOKEEPER-3009,2018-6
1523,ZOOKEEPER-2319,2018-6
1524,ZOOKEEPER-2368,2018-6
1525,ZOOKEEPER-2184,2018-6
1526,ZOOKEEPER-3059,2018-6
1527,ZOOKEEPER-3066,2018-6
1528,ZOOKEEPER-3022,2018-7
1529,ZOOKEEPER-2873,2018-7
1530,ZOOKEEPER-3042,2018-7
1531,ZOOKEEPER-2886,2018-7
1532,ZOOKEEPER-3079,2018-7
1533,ZOOKEEPER-3078,2018-7
1534,ZOOKEEPER-3073,2018-7
1535,ZOOKEEPER-3084,2018-7
1536,ZOOKEEPER-2940,2018-7
1537,ZOOKEEPER-3087,2018-7
1538,ZOOKEEPER-3090,2018-7
1539,ZOOKEEPER-3074,2018-7
1540,ZOOKEEPER-3083,2018-7
1541,ZOOKEEPER-3077,2018-7
1542,ZOOKEEPER-3093,2018-7
1543,ZOOKEEPER-3068,2018-7
1544,ZOOKEEPER-3097,2018-7
1545,ZOOKEEPER-2251,2018-7
1546,ZOOKEEPER-3094,2018-7
1547,ZOOKEEPER-3067,2018-7
1548,ZOOKEEPER-3061,2018-7
1549,ZOOKEEPER-3072,2018-7
1550,ZOOKEEPER-3095,2018-7
1551,ZOOKEEPER-3105,2018-7
1552,ZOOKEEPER-3082,2018-7
1553,ZOOKEEPER-3062,2018-8
1554,ZOOKEEPER-3104,2018-8
1555,ZOOKEEPER-3085,2018-8
1556,ZOOKEEPER-3030,2018-8
1557,ZOOKEEPER-2926,2018-8
1558,ZOOKEEPER-3110,2018-8
1559,ZOOKEEPER-3103,2018-8
1560,ZOOKEEPER-3119,2018-8
1561,ZOOKEEPER-3121,2018-8
1562,ZOOKEEPER-3120,2018-8
1563,ZOOKEEPER-3033,2018-8
1564,ZOOKEEPER-3117,2018-8
1565,ZOOKEEPER-3031,2018-8
1566,ZOOKEEPER-3109,2018-8
1567,ZOOKEEPER-3116,2018-9
1568,ZOOKEEPER-3080,2018-9
1569,ZOOKEEPER-2913,2018-9
1570,ZOOKEEPER-3127,2018-9
1571,ZOOKEEPER-3131,2018-9
1572,ZOOKEEPER-3136,2018-9
1573,ZOOKEEPER-1990,2018-9
1574,ZOOKEEPER-2261,2018-9
1575,ZOOKEEPER-3123,2018-9
1576,ZOOKEEPER-1823,2018-9
1577,ZOOKEEPER-3137,2018-9
1578,ZOOKEEPER-3144,2018-9
1579,ZOOKEEPER-3142,2018-9
1580,ZOOKEEPER-3098,2018-9
1581,ZOOKEEPER-3146,2018-9
1582,ZOOKEEPER-3148,2018-9
1583,ZOOKEEPER-1177,2018-9
1584,ZOOKEEPER-2847,2018-10
1585,ZOOKEEPER-2933,2018-10
1586,ZOOKEEPER-3153,2018-10
1587,ZOOKEEPER-3157,2018-10
1588,ZOOKEEPER-3161,2018-10
1589,ZOOKEEPER-3159,2018-10
1590,ZOOKEEPER-1908,2018-10
1591,ZOOKEEPER-2753,2018-10
1592,ZOOKEEPER-3154,2018-10
1593,ZOOKEEPER-3165,2018-10
1594,ZOOKEEPER-3113,2018-10
1595,ZOOKEEPER-2082,2018-10
1596,ZOOKEEPER-3163,2018-10
1597,ZOOKEEPER-236,2018-10
1598,ZOOKEEPER-2325,2018-10
1599,ZOOKEEPER-2807,2018-11
1600,ZOOKEEPER-3156,2018-11
1601,ZOOKEEPER-3032,2018-11
1602,ZOOKEEPER-3173,2018-11
1603,ZOOKEEPER-3175,2018-11
1604,ZOOKEEPER-3125,2018-11
1605,ZOOKEEPER-3155,2018-11
1606,ZOOKEEPER-3071,2018-11
1607,ZOOKEEPER-3162,2018-11
1608,ZOOKEEPER-3177,2018-11
1609,ZOOKEEPER-3190,2018-11
1610,ZOOKEEPER-3152,2018-11
1611,ZOOKEEPER-1441,2018-11
1612,ZOOKEEPER-3199,2018-11
1613,ZOOKEEPER-3193,2018-11
1614,ZOOKEEPER-2822,2018-11
1615,ZOOKEEPER-3172,2018-11
1616,ZOOKEEPER-3194,2018-11
1617,ZOOKEEPER-3183,2018-11
1618,ZOOKEEPER-3184,2018-12
1619,ZOOKEEPER-925,2018-12
1620,ZOOKEEPER-2778,2018-12
1621,ZOOKEEPER-3140,2018-12
1622,ZOOKEEPER-1636,2018-12
1623,ZOOKEEPER-3212,2018-12
1624,ZOOKEEPER-3208,2018-12
1625,ZOOKEEPER-1818,2018-12
1626,ZOOKEEPER-3174,2018-12
1627,ZOOKEEPER-3219,2018-12
1628,ZOOKEEPER-3216,2018-12
1629,ZOOKEEPER-3230,2018-12
1630,ZOOKEEPER-3228,2019-1
1631,ZOOKEEPER-3205,2019-1
1632,ZOOKEEPER-3233,2019-1
1633,ZOOKEEPER-3222,2019-1
1634,ZOOKEEPER-3217,2019-1
1635,ZOOKEEPER-2641,2019-1
1636,ZOOKEEPER-3203,2019-1
1637,ZOOKEEPER-3197,2019-1
1638,ZOOKEEPER-3029,2019-1
1639,ZOOKEEPER-3225,2019-1
1640,ZOOKEEPER-3210,2019-1
1641,ZOOKEEPER-3226,2019-1
1642,ZOOKEEPER-3235,2019-1
1643,ZOOKEEPER-3171,2019-1
1644,ZOOKEEPER-3202,2019-1
1645,ZOOKEEPER-3180,2019-1
1646,ZOOKEEPER-3195,2019-1
1647,ZOOKEEPER-3209,2019-1
1648,ZOOKEEPER-3218,2019-1
1649,ZOOKEEPER-3232,2019-1
1650,ZOOKEEPER-3223,2019-1
1651,ZOOKEEPER-3242,2019-1
1652,ZOOKEEPER-3176,2019-1
1653,ZOOKEEPER-3254,2019-1
1654,ZOOKEEPER-3160,2019-1
1655,ZOOKEEPER-3229,2019-1
1656,ZOOKEEPER-3250,2019-1
1657,ZOOKEEPER-3236,2019-1
1658,ZOOKEEPER-3249,2019-1
1659,ZOOKEEPER-3251,2019-1
1660,ZOOKEEPER-3257,2019-1
1661,ZOOKEEPER-3256,2019-1
1662,ZOOKEEPER-3238,2019-1
1663,ZOOKEEPER-2825,2019-1
1664,ZOOKEEPER-2826,2019-1
1665,ZOOKEEPER-3265,2019-2
1666,ZOOKEEPER-3269,2019-2
1667,ZOOKEEPER-1392,2019-2
1668,ZOOKEEPER-3122,2019-2
1669,ZOOKEEPER-3234,2019-2
1670,ZOOKEEPER-3273,2019-2
1671,ZOOKEEPER-2892,2019-2
1672,ZOOKEEPER-3167,2019-2
1673,ZOOKEEPER-3262,2019-2
1674,ZOOKEEPER-3276,2019-2
1675,ZOOKEEPER-974,2019-2
1676,ZOOKEEPER-3239,2019-2
1677,ZOOKEEPER-3275,2019-2
1678,ZOOKEEPER-3204,2019-2
1679,ZOOKEEPER-3272,2019-2
1680,ZOOKEEPER-3277,2019-2
1681,ZOOKEEPER-3274,2019-2
1682,ZOOKEEPER-3028,2019-2
1683,ZOOKEEPER-2284,2019-2
1684,ZOOKEEPER-3034,2019-2
1685,ZOOKEEPER-3285,2019-2
1686,ZOOKEEPER-3224,2019-2
1687,ZOOKEEPER-1752,2019-3
1688,ZOOKEEPER-3255,2019-3
1689,ZOOKEEPER-3267,2019-3
1690,ZOOKEEPER-3253,2019-3
1691,ZOOKEEPER-2750,2019-3
1692,ZOOKEEPER-3046,2019-3
1693,ZOOKEEPER-2474,2019-3
1694,ZOOKEEPER-3312,2019-3
1695,ZOOKEEPER-3304,2019-3
1696,ZOOKEEPER-3291,2019-3
1697,ZOOKEEPER-2621,2019-3
1698,ZOOKEEPER-2168,2019-3
1699,ZOOKEEPER-3327,2019-3
1700,ZOOKEEPER-3302,2019-4
1701,ZOOKEEPER-2609,2019-4
1702,ZOOKEEPER-3314,2019-4
1703,ZOOKEEPER-3335,2019-4
1704,ZOOKEEPER-3341,2019-4
1705,ZOOKEEPER-3179,2019-4
1706,ZOOKEEPER-3324,2019-4
1707,ZOOKEEPER-3143,2019-4
1708,ZOOKEEPER-3348,2019-4
1709,ZOOKEEPER-3332,2019-4
1710,ZOOKEEPER-3310,2019-4
1711,ZOOKEEPER-3037,2019-4
1712,ZOOKEEPER-3326,2019-4
1713,ZOOKEEPER-3268,2019-4
1714,ZOOKEEPER-3369,2019-4
1715,ZOOKEEPER-3372,2019-4
1716,ZOOKEEPER-3306,2019-4
1717,ZOOKEEPER-3020,2019-4
1718,ZOOKEEPER-1651,2019-5
1719,ZOOKEEPER-3319,2019-5
1720,ZOOKEEPER-3375,2019-5
1721,ZOOKEEPER-3343,2019-5
1722,ZOOKEEPER-3360,2019-5
1723,ZOOKEEPER-3350,2019-5
1724,ZOOKEEPER-3305,2019-5
1725,ZOOKEEPER-3331,2019-5
1726,ZOOKEEPER-3362,2019-5
1727,ZOOKEEPER-3364,2019-5
1728,ZOOKEEPER-3383,2019-5
1729,ZOOKEEPER-3244,2019-5
1730,ZOOKEEPER-3353,2019-5
1731,ZOOKEEPER-3237,2019-5
1732,ZOOKEEPER-3396,2019-5
1733,ZOOKEEPER-3263,2019-5
1734,ZOOKEEPER-1425,2019-5
1735,ZOOKEEPER-3378,2019-5
1736,ZOOKEEPER-3323,2019-5
1737,ZOOKEEPER-3394,2019-5
1738,ZOOKEEPER-3311,2019-5
1739,ZOOKEEPER-2694,2019-5
1740,ZOOKEEPER-3399,2019-5
1741,ZOOKEEPER-3392,2019-5
1742,ZOOKEEPER-3379,2019-5
1743,ZOOKEEPER-3401,2019-5
1744,ZOOKEEPER-3404,2019-5
1745,ZOOKEEPER-3382,2019-5
1746,ZOOKEEPER-3405,2019-5
1747,ZOOKEEPER-3406,2019-5
1748,ZOOKEEPER-1426,2019-5
1749,ZOOKEEPER-3409,2019-6
1750,ZOOKEEPER-3366,2019-6
1751,ZOOKEEPER-3388,2019-6
1752,ZOOKEEPER-3309,2019-6
1753,ZOOKEEPER-3385,2019-6
1754,ZOOKEEPER-3321,2019-6
1755,ZOOKEEPER-3354,2019-6
1756,ZOOKEEPER-3416,2019-6
1757,ZOOKEEPER-3092,2019-6
1758,ZOOKEEPER-3245,2019-6
1759,ZOOKEEPER-3091,2019-6
1760,ZOOKEEPER-3296,2019-6
1761,ZOOKEEPER-3288,2019-6
1762,ZOOKEEPER-3351,2019-6
1763,ZOOKEEPER-3391,2019-6
1764,ZOOKEEPER-3365,2019-6
1765,ZOOKEEPER-3433,2019-6
1766,ZOOKEEPER-3407,2019-6
1767,ZOOKEEPER-3423,2019-6
1768,ZOOKEEPER-3402,2019-6
1769,ZOOKEEPER-3421,2019-6
1770,ZOOKEEPER-3440,2019-6
1771,ZOOKEEPER-3370,2019-7
1772,ZOOKEEPER-3240,2019-7
1773,ZOOKEEPER-3439,2019-7
1774,ZOOKEEPER-2418,2019-7
1775,ZOOKEEPER-3243,2019-7
1776,ZOOKEEPER-2894,2019-7
1777,ZOOKEEPER-3441,2019-7
1778,ZOOKEEPER-3453,2019-7
1779,ZOOKEEPER-3398,2019-7
1780,ZOOKEEPER-3459,2019-7
1781,ZOOKEEPER-3443,2019-7
1782,ZOOKEEPER-2399,2019-7
1783,ZOOKEEPER-2563,2019-7
1784,ZOOKEEPER-3356,2019-7
1785,ZOOKEEPER-3463,2019-7
1786,ZOOKEEPER-1634,2019-7
1787,ZOOKEEPER-3437,2019-7
1788,ZOOKEEPER-3386,2019-7
1789,ZOOKEEPER-3457,2019-7
1790,ZOOKEEPER-3371,2019-7
1791,ZOOKEEPER-3468,2019-7
1792,ZOOKEEPER-3465,2019-7
1793,ZOOKEEPER-3359,2019-7
1794,ZOOKEEPER-3150,2019-7
1795,ZOOKEEPER-3430,2019-8
1796,ZOOKEEPER-3418,2019-8
1797,ZOOKEEPER-3455,2019-8
1798,ZOOKEEPER-3447,2019-8
1799,ZOOKEEPER-3479,2019-8
1800,ZOOKEEPER-3339,2019-8
1801,ZOOKEEPER-3474,2019-8
1802,ZOOKEEPER-3472,2019-8
1803,ZOOKEEPER-3395,2019-8
1804,ZOOKEEPER-3480,2019-8
1805,ZOOKEEPER-3373,2019-8
1806,ZOOKEEPER-3494,2019-8
1807,ZOOKEEPER-2891,2019-8
1808,ZOOKEEPER-3344,2019-8
1809,ZOOKEEPER-3498,2019-8
1810,ZOOKEEPER-3347,2019-8
1811,ZOOKEEPER-3320,2019-8
1812,ZOOKEEPER-3475,2019-8
1813,ZOOKEEPER-3510,2019-8
1814,ZOOKEEPER-3448,2019-8
1815,ZOOKEEPER-3518,2019-8
1816,ZOOKEEPER-3517,2019-8
1817,ZOOKEEPER-3431,2019-8
1818,ZOOKEEPER-3519,2019-8
1819,ZOOKEEPER-3522,2019-8
1820,ZOOKEEPER-3525,2019-8
1821,ZOOKEEPER-3056,2019-9
1822,ZOOKEEPER-3528,2019-9
1823,ZOOKEEPER-3492,2019-9
1824,ZOOKEEPER-3539,2019-9
1825,ZOOKEEPER-3491,2019-9
1826,ZOOKEEPER-3532,2019-9
1827,ZOOKEEPER-3484,2019-9
1828,ZOOKEEPER-3124,2019-9
1829,ZOOKEEPER-3495,2019-9
1830,ZOOKEEPER-3540,2019-9
1831,ZOOKEEPER-3145,2019-9
1832,ZOOKEEPER-3503,2019-9
1833,ZOOKEEPER-3545,2019-9
1834,ZOOKEEPER-3523,2019-9
1835,ZOOKEEPER-3542,2019-9
1836,ZOOKEEPER-3506,2019-9
1837,ZOOKEEPER-3501,2019-9
1838,ZOOKEEPER-3552,2019-9
1839,ZOOKEEPER-3529,2019-9
1840,ZOOKEEPER-3470,2019-9
1841,ZOOKEEPER-3496,2019-9
1842,ZOOKEEPER-3548,2019-9
1843,ZOOKEEPER-3559,2019-9
1844,ZOOKEEPER-2282,2019-9
1845,ZOOKEEPER-3537,2019-9
1846,ZOOKEEPER-1467,2019-10
1847,ZOOKEEPER-3563,2019-10
1848,ZOOKEEPER-3462,2019-10
1849,ZOOKEEPER-3531,2019-10
1850,ZOOKEEPER-3471,2019-10
1851,ZOOKEEPER-3400,2019-10
1852,ZOOKEEPER-3509,2019-10
1853,ZOOKEEPER-3436,2019-10
1854,ZOOKEEPER-3530,2019-10
1855,ZOOKEEPER-3593,2019-11
1856,ZOOKEEPER-3605,2019-11
1857,ZOOKEEPER-1416,2019-11
1858,ZOOKEEPER-1260,2019-11
1859,ZOOKEEPER-3340,2019-11
1860,ZOOKEEPER-2238,2019-11
1861,ZOOKEEPER-3571,2019-11
1862,ZOOKEEPER-3560,2019-11
1863,ZOOKEEPER-3502,2019-11
1864,ZOOKEEPER-3570,2019-11
1865,ZOOKEEPER-2122,2019-11
1866,ZOOKEEPER-3590,2019-11
1867,ZOOKEEPER-3473,2019-11
1868,ZOOKEEPER-3546,2019-11
1869,ZOOKEEPER-3620,2019-11
1870,ZOOKEEPER-3188,2019-11
1871,ZOOKEEPER-3633,2019-12
1872,ZOOKEEPER-3595,2019-12
1873,ZOOKEEPER-3641,2019-12
1874,ZOOKEEPER-3599,2019-12
1875,ZOOKEEPER-3630,2019-12
1876,ZOOKEEPER-3651,2019-12
1877,ZOOKEEPER-2307,2019-12
1878,ZOOKEEPER-3627,2019-12
1879,ZOOKEEPER-3606,2019-12
1880,ZOOKEEPER-3636,2019-12
1881,ZOOKEEPER-3653,2019-12
1882,ZOOKEEPER-3648,2019-12
1883,ZOOKEEPER-3512,2019-12
1884,ZOOKEEPER-3114,2019-12
1885,ZOOKEEPER-3582,2019-12
1886,ZOOKEEPER-3644,2020-1
1887,ZOOKEEPER-3668,2020-1
1888,ZOOKEEPER-3640,2020-1
1889,ZOOKEEPER-3638,2020-1
1890,ZOOKEEPER-3656,2020-1
1891,ZOOKEEPER-3681,2020-1
1892,ZOOKEEPER-3679,2020-1
1893,ZOOKEEPER-2083,2020-1
1894,ZOOKEEPER-3649,2020-1
1895,ZOOKEEPER-3411,2020-1
1896,ZOOKEEPER-3678,2020-1
1897,ZOOKEEPER-3694,2020-1
1898,ZOOKEEPER-3695,2020-1
1899,ZOOKEEPER-3677,2020-1
1900,ZOOKEEPER-3667,2020-1
1901,ZOOKEEPER-3613,2020-1
1902,ZOOKEEPER-3669,2020-1
1903,ZOOKEEPER-3663,2020-1
1904,ZOOKEEPER-3666,2020-1
1905,ZOOKEEPER-3482,2020-1
1906,ZOOKEEPER-1112,2020-1
1907,ZOOKEEPER-3699,2020-1
1908,ZOOKEEPER-3698,2020-1
1909,ZOOKEEPER-1936,2020-1
1910,ZOOKEEPER-3704,2020-1
1911,ZOOKEEPER-3575,2020-1
1912,ZOOKEEPER-3567,2020-1
1913,ZOOKEEPER-3710,2020-1
1914,ZOOKEEPER-3708,2020-2
1915,ZOOKEEPER-3716,2020-2
1916,ZOOKEEPER-3715,2020-2
1917,ZOOKEEPER-3703,2020-2
1918,ZOOKEEPER-1105,2020-2
1919,ZOOKEEPER-3719,2020-2
1920,ZOOKEEPER-3718,2020-2
1921,ZOOKEEPER-3712,2020-2
1922,ZOOKEEPER-3685,2020-2
1923,ZOOKEEPER-3686,2020-2
1924,ZOOKEEPER-3720,2020-2
1925,ZOOKEEPER-3674,2020-2
1926,ZOOKEEPER-3734,2020-2
1927,ZOOKEEPER-3733,2020-2
1928,ZOOKEEPER-3682,2020-2
1929,ZOOKEEPER-3741,2020-2
1930,ZOOKEEPER-3427,2020-2
1931,ZOOKEEPER-3737,2020-3
1932,ZOOKEEPER-3505,2020-3
1933,ZOOKEEPER-3706,2020-3
1934,ZOOKEEPER-3746,2020-3
1935,ZOOKEEPER-2164,2020-3
1936,ZOOKEEPER-3751,2020-3
1937,ZOOKEEPER-3748,2020-3
1938,ZOOKEEPER-3745,2020-3
1939,ZOOKEEPER-3758,2020-3
1940,ZOOKEEPER-3739,2020-3
1941,ZOOKEEPER-3763,2020-3
1942,ZOOKEEPER-3756,2020-3
1943,ZOOKEEPER-3683,2020-3
1944,ZOOKEEPER-3654,2020-3
1945,ZOOKEEPER-3760,2020-3
1946,ZOOKEEPER-3728,2020-3
1947,ZOOKEEPER-3767,2020-3
1948,ZOOKEEPER-3689,2020-3
1949,ZOOKEEPER-3755,2020-3
1950,ZOOKEEPER-3765,2020-3
1951,ZOOKEEPER-2836,2020-3
1952,ZOOKEEPER-3771,2020-3
1953,ZOOKEEPER-3581,2020-4
1954,ZOOKEEPER-3769,2020-4
1955,ZOOKEEPER-3780,2020-4
1956,ZOOKEEPER-3785,2020-4
1957,ZOOKEEPER-3782,2020-4
1958,ZOOKEEPER-3714,2020-4
1959,ZOOKEEPER-3786,2020-4
1960,ZOOKEEPER-3726,2020-4
1961,ZOOKEEPER-3793,2020-4
1962,ZOOKEEPER-3794,2020-4
1963,ZOOKEEPER-3635,2020-4
1964,ZOOKEEPER-3738,2020-4
1965,ZOOKEEPER-3579,2020-4
1966,ZOOKEEPER-3788,2020-4
1967,ZOOKEEPER-3797,2020-4
1968,ZOOKEEPER-3802,2020-4
1969,ZOOKEEPER-3790,2020-4
1970,ZOOKEEPER-3811,2020-4
1971,ZOOKEEPER-3810,2020-4
1972,ZOOKEEPER-3357,2020-4
1973,ZOOKEEPER-3355,2020-4
1974,ZOOKEEPER-3215,2020-4
1975,ZOOKEEPER-3574,2020-5
1976,ZOOKEEPER-3727,2020-5
1977,ZOOKEEPER-3817,2020-5
1978,ZOOKEEPER-3813,2020-5
1979,ZOOKEEPER-3791,2020-5
1980,ZOOKEEPER-3723,2020-5
1981,ZOOKEEPER-3772,2020-5
1982,ZOOKEEPER-3796,2020-5
1983,ZOOKEEPER-3805,2020-5
1984,ZOOKEEPER-3761,2020-5
1985,ZOOKEEPER-3818,2020-5
1986,ZOOKEEPER-3721,2020-5
1987,ZOOKEEPER-3690,2020-5
1988,ZOOKEEPER-837,2020-5
1989,ZOOKEEPER-1998,2020-5
1990,ZOOKEEPER-3834,2020-5
1991,ZOOKEEPER-3792,2020-5
1992,ZOOKEEPER-3832,2020-5
1993,ZOOKEEPER-3847,2020-5
1994,ZOOKEEPER-3846,2020-5
1995,ZOOKEEPER-3829,2020-6
1996,ZOOKEEPER-3845,2020-6
1997,ZOOKEEPER-3856,2020-6
1998,ZOOKEEPER-3857,2020-6
1999,ZOOKEEPER-3850,2020-6
2000,ZOOKEEPER-3865,2020-6
2001,ZOOKEEPER-3859,2020-6
2002,ZOOKEEPER-3803,2020-6
2003,ZOOKEEPER-3852,2020-6
2004,ZOOKEEPER-3878,2020-7
2005,ZOOKEEPER-3101,2020-7
2006,ZOOKEEPER-3896,2020-7
2007,ZOOKEEPER-3415,2020-7
2008,ZOOKEEPER-3112,2020-7
2009,ZOOKEEPER-3891,2020-7
2010,ZOOKEEPER-3876,2020-7
2011,ZOOKEEPER-3895,2020-7
2012,ZOOKEEPER-3885,2020-7
2013,ZOOKEEPER-3872,2020-8
2014,ZOOKEEPER-3855,2020-8
2015,ZOOKEEPER-3883,2020-8
2016,ZOOKEEPER-3854,2020-8
2017,ZOOKEEPER-3905,2020-8
2018,ZOOKEEPER-3862,2020-8
2019,ZOOKEEPER-3844,2020-8
2020,ZOOKEEPER-3831,2020-8
2021,ZOOKEEPER-3913,2020-8
2022,ZOOKEEPER-3893,2020-8
2023,ZOOKEEPER-3801,2020-8
2024,ZOOKEEPER-3925,2020-9
2025,ZOOKEEPER-3920,2020-9
2026,ZOOKEEPER-3924,2020-9
2027,ZOOKEEPER-3935,2020-9
2028,ZOOKEEPER-3863,2020-9
2029,ZOOKEEPER-3941,2020-9
2030,ZOOKEEPER-3937,2020-9
2031,ZOOKEEPER-3944,2020-9
2032,ZOOKEEPER-3841,2020-10
2033,ZOOKEEPER-3858,2020-10
2034,ZOOKEEPER-3798,2020-10
2035,ZOOKEEPER-3774,2020-10
2036,ZOOKEEPER-3953,2020-10
2037,ZOOKEEPER-3952,2020-10
2038,ZOOKEEPER-3950,2020-10
2039,ZOOKEEPER-3957,2020-10
2040,ZOOKEEPER-3956,2020-10
2041,ZOOKEEPER-3886,2020-10
2042,ZOOKEEPER-3960,2020-10
2043,ZOOKEEPER-3962,2020-10
2044,ZOOKEEPER-3954,2020-10
2045,ZOOKEEPER-3951,2020-10
2046,ZOOKEEPER-3808,2020-10
2047,ZOOKEEPER-3955,2020-10
2048,ZOOKEEPER-3948,2020-10
2049,ZOOKEEPER-3561,2020-10
2050,ZOOKEEPER-3722,2020-10
2051,ZOOKEEPER-3971,2020-10
2052,ZOOKEEPER-3983,2020-10
2053,ZOOKEEPER-3981,2020-10
2054,ZOOKEEPER-3969,2020-10
2055,ZOOKEEPER-3926,2020-10
2056,ZOOKEEPER-2649,2020-10
2057,ZOOKEEPER-3342,2020-10
2058,ZOOKEEPER-3958,2020-10
2059,ZOOKEEPER-3696,2020-11
2060,ZOOKEEPER-3662,2020-11
2061,ZOOKEEPER-3688,2020-11
2062,ZOOKEEPER-3980,2020-11
2063,ZOOKEEPER-3687,2020-11
2064,ZOOKEEPER-3833,2020-11
2065,ZOOKEEPER-3967,2020-11
2066,ZOOKEEPER-3992,2020-11
2067,ZOOKEEPER-3959,2020-11
2068,ZOOKEEPER-3836,2020-11
2069,ZOOKEEPER-3839,2020-11
2070,ZOOKEEPER-3911,2020-11
2071,ZOOKEEPER-3991,2020-11
2072,ZOOKEEPER-3979,2020-11
2073,ZOOKEEPER-3994,2020-11
2074,ZOOKEEPER-3691,2020-11
2075,ZOOKEEPER-4000,2020-11
2076,ZOOKEEPER-3978,2020-11
2077,ZOOKEEPER-3874,2020-11
2078,ZOOKEEPER-4011,2020-11
2079,ZOOKEEPER-3989,2020-11
2080,ZOOKEEPER-3642,2020-11
2081,ZOOKEEPER-4017,2020-11
2082,ZOOKEEPER-4023,2020-12
2083,ZOOKEEPER-4033,2020-12
2084,ZOOKEEPER-3919,2020-12
2085,ZOOKEEPER-4030,2021-1
2086,ZOOKEEPER-3671,2021-1
2087,ZOOKEEPER-3701,2021-1
2088,ZOOKEEPER-4045,2021-1
2089,ZOOKEEPER-3264,2021-1
2090,ZOOKEEPER-4055,2021-1
2091,ZOOKEEPER-4056,2021-1
2092,ZOOKEEPER-4048,2021-1
2093,ZOOKEEPER-3426,2021-1
2094,ZOOKEEPER-3973,2021-1
2095,ZOOKEEPER-4058,2021-1
2096,ZOOKEEPER-3301,2021-1
2097,ZOOKEEPER-4046,2021-1
2098,ZOOKEEPER-3942,2021-1
2099,ZOOKEEPER-3898,2021-1
2100,ZOOKEEPER-4190,2021-1
2101,ZOOKEEPER-4191,2021-1
2102,ZOOKEEPER-3943,2021-1
2103,ZOOKEEPER-4188,2021-1
2104,ZOOKEEPER-4186,2021-1
2105,ZOOKEEPER-4037,2021-1
2106,ZOOKEEPER-3730,2021-1
2107,ZOOKEEPER-3849,2021-1
2108,ZOOKEEPER-4001,2021-2
2109,ZOOKEEPER-4050,2021-2
2110,ZOOKEEPER-4007,2021-2
2111,ZOOKEEPER-4202,2021-2
2112,ZOOKEEPER-4207,2021-2
2113,ZOOKEEPER-2872,2021-2
2114,ZOOKEEPER-2310,2021-2
2115,ZOOKEEPER-3987,2021-2
2116,ZOOKEEPER-4209,2021-2
2117,ZOOKEEPER-4200,2021-2
2118,ZOOKEEPER-4201,2021-2
2119,ZOOKEEPER-4199,2021-2
2120,ZOOKEEPER-4222,2021-2
2121,ZOOKEEPER-4221,2021-2
2122,ZOOKEEPER-3922,2021-3
2123,ZOOKEEPER-3877,2021-3
2124,ZOOKEEPER-3781,2021-3
2125,ZOOKEEPER-4219,2021-3
2126,ZOOKEEPER-4220,2021-3
2127,ZOOKEEPER-4217,2021-3
2128,ZOOKEEPER-4214,2021-3
2129,ZOOKEEPER-4223,2021-3
2130,ZOOKEEPER-4224,2021-3
2131,ZOOKEEPER-4225,2021-3
2132,ZOOKEEPER-4232,2021-3
2133,ZOOKEEPER-4210,2021-3
2134,ZOOKEEPER-4233,2021-3
2135,ZOOKEEPER-4227,2021-3
2136,ZOOKEEPER-4230,2021-3
2137,ZOOKEEPER-1871,2021-3
2138,ZOOKEEPER-4231,2021-3
2139,ZOOKEEPER-4205,2021-3
2140,ZOOKEEPER-1780,2021-3
2141,ZOOKEEPER-4259,2021-3
2142,ZOOKEEPER-4251,2021-3
2143,ZOOKEEPER-3887,2021-3
2144,ZOOKEEPER-4194,2021-3
2145,ZOOKEEPER-3128,2021-3
2146,ZOOKEEPER-4257,2021-3
2147,ZOOKEEPER-4260,2021-3
2148,ZOOKEEPER-4270,2021-3
2149,ZOOKEEPER-4267,2021-3
2150,ZOOKEEPER-4272,2021-3
2151,ZOOKEEPER-4269,2021-3
2152,ZOOKEEPER-4266,2021-4
2153,ZOOKEEPER-3931,2021-4
2154,ZOOKEEPER-4277,2021-4
2155,ZOOKEEPER-4278,2021-4
2156,ZOOKEEPER-3764,2021-4
2157,ZOOKEEPER-4265,2021-4
2158,ZOOKEEPER-4247,2021-4
2159,ZOOKEEPER-4275,2021-4
2160,ZOOKEEPER-4281,2021-4
2161,ZOOKEEPER-4262,2021-4
2162,ZOOKEEPER-4280,2021-4
2163,ZOOKEEPER-4246,2021-5
2164,ZOOKEEPER-3970,2021-5
2165,ZOOKEEPER-4298,2021-5
2166,ZOOKEEPER-4300,2021-5
2167,ZOOKEEPER-3601,2021-5
2168,ZOOKEEPER-3907,2021-6
2169,ZOOKEEPER-3821,2021-6
2170,ZOOKEEPER-4312,2021-6
2171,ZOOKEEPER-4309,2021-6
2172,ZOOKEEPER-4208,2021-6
2173,ZOOKEEPER-4311,2021-6
2174,ZOOKEEPER-4326,2021-6
2175,ZOOKEEPER-4319,2021-6
2176,ZOOKEEPER-4284,2021-6
2177,ZOOKEEPER-4318,2021-6
2178,ZOOKEEPER-4316,2021-7
